gender,race_ethn,year,age,m_i.med,m_i.lwr,m_i.upr
Female,aian,2013,0,1e-8,0,6e-8
Female,aian,2013,1,3e-8,0,6e-8
Female,aian,2013,5,4e-8,1e-8,8e-8
Female,aian,2013,10,4e-8,1e-8,8e-8
Female,aian,2013,15,1.5e-7,8e-8,2.3e-7
Female,aian,2013,20,4.5e-7,3.1e-7,6.4e-7
Female,aian,2013,25,7.2e-7,5.3e-7,9.7e-7
Female,aian,2013,30,8.1e-7,6e-7,1.07e-6
Female,aian,2013,35,7.3e-7,5.5e-7,9.6e-7
Female,aian,2013,40,7.1e-7,5.2e-7,9.3e-7
Female,aian,2013,45,5.1e-7,3.6e-7,6.9e-7
Female,aian,2013,50,4.9e-7,3.5e-7,6.6e-7
Female,aian,2013,55,3.1e-7,2.1e-7,4.4e-7
Female,aian,2013,60,2.3e-7,1.5e-7,3.4e-7
Female,aian,2013,65,1.5e-7,9e-8,2.4e-7
Female,aian,2013,70,1.1e-7,5e-8,1.9e-7
Female,aian,2013,75,1.8e-7,1e-7,2.9e-7
Female,aian,2013,80,2.2e-7,1.2e-7,3.5e-7
Female,aian,2014,0,1e-8,0,6e-8
Female,aian,2014,1,3e-8,0,6e-8
Female,aian,2014,5,4e-8,1e-8,8e-8
Female,aian,2014,10,4e-8,1e-8,8e-8
Female,aian,2014,15,1.5e-7,8e-8,2.4e-7
Female,aian,2014,20,4.5e-7,3.1e-7,6.4e-7
Female,aian,2014,25,7.2e-7,5.3e-7,9.7e-7
Female,aian,2014,30,8.1e-7,6.1e-7,1.08e-6
Female,aian,2014,35,7.4e-7,5.5e-7,9.6e-7
Female,aian,2014,40,7.2e-7,5.2e-7,9.4e-7
Female,aian,2014,45,5.1e-7,3.6e-7,6.9e-7
Female,aian,2014,50,4.9e-7,3.5e-7,6.6e-7
Female,aian,2014,55,3.2e-7,2.1e-7,4.4e-7
Female,aian,2014,60,2.3e-7,1.5e-7,3.4e-7
Female,aian,2014,65,1.5e-7,9e-8,2.4e-7
Female,aian,2014,70,1.1e-7,6e-8,1.9e-7
Female,aian,2014,75,1.8e-7,1e-7,3e-7
Female,aian,2014,80,2.2e-7,1.2e-7,3.6e-7
Female,aian,2015,0,1e-8,0,6e-8
Female,aian,2015,1,3e-8,0,6e-8
Female,aian,2015,5,4e-8,1e-8,8e-8
Female,aian,2015,10,4e-8,1e-8,8e-8
Female,aian,2015,15,1.5e-7,8e-8,2.3e-7
Female,aian,2015,20,4.5e-7,3.1e-7,6.4e-7
Female,aian,2015,25,7.2e-7,5.3e-7,9.7e-7
Female,aian,2015,30,8e-7,6e-7,1.07e-6
Female,aian,2015,35,7.3e-7,5.5e-7,9.6e-7
Female,aian,2015,40,7.1e-7,5.2e-7,9.3e-7
Female,aian,2015,45,5.1e-7,3.6e-7,6.9e-7
Female,aian,2015,50,4.9e-7,3.5e-7,6.6e-7
Female,aian,2015,55,3.1e-7,2.1e-7,4.4e-7
Female,aian,2015,60,2.3e-7,1.4e-7,3.4e-7
Female,aian,2015,65,1.5e-7,9e-8,2.4e-7
Female,aian,2015,70,1.1e-7,5e-8,1.9e-7
Female,aian,2015,75,1.8e-7,1e-7,2.9e-7
Female,aian,2015,80,2.2e-7,1.2e-7,3.5e-7
Female,aian,2016,0,1e-8,0,6e-8
Female,aian,2016,1,3e-8,0,6e-8
Female,aian,2016,5,4e-8,1e-8,8e-8
Female,aian,2016,10,4e-8,1e-8,8e-8
Female,aian,2016,15,1.5e-7,8e-8,2.3e-7
Female,aian,2016,20,4.5e-7,3.1e-7,6.4e-7
Female,aian,2016,25,7.2e-7,5.3e-7,9.7e-7
Female,aian,2016,30,8e-7,6e-7,1.07e-6
Female,aian,2016,35,7.3e-7,5.5e-7,9.6e-7
Female,aian,2016,40,7.1e-7,5.2e-7,9.3e-7
Female,aian,2016,45,5.1e-7,3.6e-7,6.9e-7
Female,aian,2016,50,4.9e-7,3.5e-7,6.5e-7
Female,aian,2016,55,3.1e-7,2.1e-7,4.4e-7
Female,aian,2016,60,2.3e-7,1.4e-7,3.4e-7
Female,aian,2016,65,1.5e-7,9e-8,2.4e-7
Female,aian,2016,70,1.1e-7,5e-8,1.9e-7
Female,aian,2016,75,1.8e-7,1e-7,2.9e-7
Female,aian,2016,80,2.2e-7,1.2e-7,3.5e-7
Female,aian,2017,0,1e-8,0,6e-8
Female,aian,2017,1,3e-8,0,6e-8
Female,aian,2017,5,4e-8,1e-8,8e-8
Female,aian,2017,10,4e-8,1e-8,8e-8
Female,aian,2017,15,1.5e-7,8e-8,2.4e-7
Female,aian,2017,20,4.6e-7,3.2e-7,6.5e-7
Female,aian,2017,25,7.4e-7,5.5e-7,9.9e-7
Female,aian,2017,30,8.3e-7,6.2e-7,1.1e-6
Female,aian,2017,35,7.5e-7,5.6e-7,9.8e-7
Female,aian,2017,40,7.3e-7,5.4e-7,9.5e-7
Female,aian,2017,45,5.2e-7,3.7e-7,7e-7
Female,aian,2017,50,5e-7,3.6e-7,6.7e-7
Female,aian,2017,55,3.2e-7,2.1e-7,4.5e-7
Female,aian,2017,60,2.4e-7,1.5e-7,3.5e-7
Female,aian,2017,65,1.6e-7,9e-8,2.5e-7
Female,aian,2017,70,1.1e-7,6e-8,1.9e-7
Female,aian,2017,75,1.9e-7,1e-7,3e-7
Female,aian,2017,80,2.2e-7,1.2e-7,3.6e-7
Female,aian,2018,0,2e-8,0,6e-8
Female,aian,2018,1,3e-8,1e-8,7e-8
Female,aian,2018,5,4e-8,1e-8,8e-8
Female,aian,2018,10,4e-8,1e-8,9e-8
Female,aian,2018,15,1.6e-7,9e-8,2.5e-7
Female,aian,2018,20,4.8e-7,3.4e-7,6.8e-7
Female,aian,2018,25,7.7e-7,5.7e-7,1.04e-6
Female,aian,2018,30,8.6e-7,6.5e-7,1.15e-6
Female,aian,2018,35,7.9e-7,5.9e-7,1.03e-6
Female,aian,2018,40,7.6e-7,5.6e-7,1e-6
Female,aian,2018,45,5.5e-7,3.9e-7,7.4e-7
Female,aian,2018,50,5.2e-7,3.8e-7,7e-7
Female,aian,2018,55,3.4e-7,2.2e-7,4.7e-7
Female,aian,2018,60,2.5e-7,1.6e-7,3.6e-7
Female,aian,2018,65,1.7e-7,9e-8,2.6e-7
Female,aian,2018,70,1.2e-7,6e-8,2e-7
Female,aian,2018,75,1.9e-7,1.1e-7,3.1e-7
Female,aian,2018,80,2.3e-7,1.3e-7,3.8e-7
Female,aian,2019,0,1e-8,0,6e-8
Female,aian,2019,1,3e-8,0,6e-8
Female,aian,2019,5,4e-8,1e-8,8e-8
Female,aian,2019,10,4e-8,1e-8,8e-8
Female,aian,2019,15,1.5e-7,8e-8,2.4e-7
Female,aian,2019,20,4.6e-7,3.2e-7,6.5e-7
Female,aian,2019,25,7.3e-7,5.4e-7,9.8e-7
Female,aian,2019,30,8.2e-7,6.1e-7,1.09e-6
Female,aian,2019,35,7.4e-7,5.6e-7,9.7e-7
Female,aian,2019,40,7.2e-7,5.3e-7,9.5e-7
Female,aian,2019,45,5.2e-7,3.6e-7,7e-7
Female,aian,2019,50,5e-7,3.5e-7,6.6e-7
Female,aian,2019,55,3.2e-7,2.1e-7,4.5e-7
Female,aian,2019,60,2.3e-7,1.5e-7,3.4e-7
Female,aian,2019,65,1.6e-7,9e-8,2.5e-7
Female,aian,2019,70,1.1e-7,6e-8,1.9e-7
Female,aian,2019,75,1.8e-7,1e-7,3e-7
Female,aian,2019,80,2.2e-7,1.2e-7,3.6e-7
Female,aian,2020,0,2e-8,0,6e-8
Female,aian,2020,1,3e-8,0,6e-8
Female,aian,2020,5,4e-8,1e-8,8e-8
Female,aian,2020,10,4e-8,1e-8,9e-8
Female,aian,2020,15,1.5e-7,9e-8,2.4e-7
Female,aian,2020,20,4.7e-7,3.2e-7,6.6e-7
Female,aian,2020,25,7.4e-7,5.5e-7,1e-6
Female,aian,2020,30,8.3e-7,6.3e-7,1.1e-6
Female,aian,2020,35,7.6e-7,5.7e-7,9.9e-7
Female,aian,2020,40,7.3e-7,5.4e-7,9.6e-7
Female,aian,2020,45,5.3e-7,3.7e-7,7.1e-7
Female,aian,2020,50,5e-7,3.6e-7,6.8e-7
Female,aian,2020,55,3.2e-7,2.1e-7,4.6e-7
Female,aian,2020,60,2.4e-7,1.5e-7,3.5e-7
Female,aian,2020,65,1.6e-7,9e-8,2.5e-7
Female,aian,2020,70,1.2e-7,6e-8,2e-7
Female,aian,2020,75,1.9e-7,1e-7,3e-7
Female,aian,2020,80,2.2e-7,1.3e-7,3.7e-7
Female,aian,2021,0,2e-8,0,6e-8
Female,aian,2021,1,3e-8,1e-8,6e-8
Female,aian,2021,5,4e-8,1e-8,8e-8
Female,aian,2021,10,4e-8,1e-8,9e-8
Female,aian,2021,15,1.6e-7,9e-8,2.5e-7
Female,aian,2021,20,4.8e-7,3.3e-7,6.7e-7
Female,aian,2021,25,7.6e-7,5.7e-7,1.02e-6
Female,aian,2021,30,8.5e-7,6.4e-7,1.13e-6
Female,aian,2021,35,7.8e-7,5.8e-7,1.01e-6
Female,aian,2021,40,7.5e-7,5.5e-7,9.8e-7
Female,aian,2021,45,5.4e-7,3.8e-7,7.2e-7
Female,aian,2021,50,5.2e-7,3.7e-7,6.9e-7
Female,aian,2021,55,3.3e-7,2.2e-7,4.7e-7
Female,aian,2021,60,2.4e-7,1.5e-7,3.6e-7
Female,aian,2021,65,1.6e-7,9e-8,2.6e-7
Female,aian,2021,70,1.2e-7,6e-8,2e-7
Female,aian,2021,75,1.9e-7,1.1e-7,3.1e-7
Female,aian,2021,80,2.3e-7,1.3e-7,3.7e-7
Female,aian,2022,0,2e-8,0,6e-8
Female,aian,2022,1,3e-8,1e-8,7e-8
Female,aian,2022,5,4e-8,1e-8,9e-8
Female,aian,2022,10,5e-8,2e-8,9e-8
Female,aian,2022,15,1.6e-7,9e-8,2.6e-7
Female,aian,2022,20,5e-7,3.5e-7,7.1e-7
Female,aian,2022,25,8e-7,5.989999999999782e-7,1.07e-6
Female,aian,2022,30,9e-7,6.7e-7,1.19e-6
Female,aian,2022,35,8.1e-7,6.1e-7,1.07e-6
Female,aian,2022,40,7.9e-7,5.8e-7,1.03e-6
Female,aian,2022,45,5.7e-7,4e-7,7.6e-7
Female,aian,2022,50,5.4e-7,3.9e-7,7.3e-7
Female,aian,2022,55,3.5e-7,2.3e-7,4.9e-7
Female,aian,2022,60,2.6e-7,1.6e-7,3.8e-7
Female,aian,2022,65,1.7e-7,1e-7,2.7e-7
Female,aian,2022,70,1.2e-7,6e-8,2.1e-7
Female,aian,2022,75,2e-7,1.1e-7,3.3e-7
Female,aian,2022,80,2.4e-7,1.3e-7,3.9e-7
Female,aian,2023,0,2e-8,0,7e-8
Female,aian,2023,1,3e-8,1e-8,7e-8
Female,aian,2023,5,4e-8,1e-8,9e-8
Female,aian,2023,10,5e-8,2e-8,1e-7
Female,aian,2023,15,1.7e-7,1e-7,2.7e-7
Female,aian,2023,20,5.3e-7,3.7e-7,7.5e-7
Female,aian,2023,25,8.5e-7,6.3e-7,1.14e-6
Female,aian,2023,30,9.5e-7,7.1e-7,1.26e-6
Female,aian,2023,35,8.6e-7,6.489999999999781e-7,1.13e-6
Female,aian,2023,40,8.4e-7,6.1e-7,1.1e-6
Female,aian,2023,45,6e-7,4.2e-7,8.1e-7
Female,aian,2023,50,5.7e-7,4.1e-7,7.7e-7
Female,aian,2023,55,3.7e-7,2.5e-7,5.2e-7
Female,aian,2023,60,2.7e-7,1.7e-7,4e-7
Female,aian,2023,65,1.8e-7,1e-7,2.8e-7
Female,aian,2023,70,1.3e-7,7e-8,2.2e-7
Female,aian,2023,75,2.1e-7,1.2e-7,3.4e-7
Female,aian,2023,80,2.6e-7,1.4e-7,4.1e-7
Female,api,2013,0,2e-8,0,1.1e-7
Female,api,2013,1,2e-8,0,6e-8
Female,api,2013,5,3e-8,1e-8,9e-8
Female,api,2013,10,3e-8,0,8e-8
Female,api,2013,15,6e-8,2e-8,1.3e-7
Female,api,2013,20,1.5e-7,8e-8,2.8e-7
Female,api,2013,25,2.4e-7,1.3e-7,4.3e-7
Female,api,2013,30,2.6e-7,1.5e-7,4.2e-7
Female,api,2013,35,2.2e-7,1.2e-7,3.6e-7
Female,api,2013,40,2.6e-7,1.5e-7,4.3e-7
Female,api,2013,45,1.9e-7,1e-7,3.3e-7
Female,api,2013,50,2.5e-7,1.4e-7,4.3e-7
Female,api,2013,55,1.3e-7,6e-8,2.5e-7
Female,api,2013,60,1e-7,4e-8,2e-7
Female,api,2013,65,7e-8,2e-8,1.5e-7
Female,api,2013,70,4e-8,1e-8,9e-8
Female,api,2013,75,8e-8,3e-8,1.8e-7
Female,api,2013,80,9e-8,3e-8,2.1e-7
Female,api,2014,0,2e-8,0,1.1e-7
Female,api,2014,1,2e-8,0,6e-8
Female,api,2014,5,3e-8,1e-8,9e-8
Female,api,2014,10,3e-8,0,8e-8
Female,api,2014,15,6e-8,2e-8,1.3e-7
Female,api,2014,20,1.5e-7,8e-8,2.8e-7
Female,api,2014,25,2.4e-7,1.3e-7,4.3e-7
Female,api,2014,30,2.6e-7,1.5e-7,4.3e-7
Female,api,2014,35,2.2e-7,1.2e-7,3.6e-7
Female,api,2014,40,2.6e-7,1.5e-7,4.4e-7
Female,api,2014,45,2e-7,1.1e-7,3.4e-7
Female,api,2014,50,2.5e-7,1.4e-7,4.3e-7
Female,api,2014,55,1.4e-7,6e-8,2.5e-7
Female,api,2014,60,1e-7,4e-8,2e-7
Female,api,2014,65,7e-8,2e-8,1.5e-7
Female,api,2014,70,4e-8,1e-8,1e-7
Female,api,2014,75,8e-8,3e-8,1.9e-7
Female,api,2014,80,9e-8,3e-8,2.1e-7
Female,api,2015,0,3e-8,0,1.2e-7
Female,api,2015,1,2e-8,0,7e-8
Female,api,2015,5,4e-8,1e-8,1e-7
Female,api,2015,10,3e-8,0,9e-8
Female,api,2015,15,6e-8,2e-8,1.4e-7
Female,api,2015,20,1.7e-7,8e-8,3.1e-7
Female,api,2015,25,2.6e-7,1.4e-7,4.7e-7
Female,api,2015,30,2.8e-7,1.6e-7,4.7e-7
Female,api,2015,35,2.4e-7,1.3e-7,4e-7
Female,api,2015,40,2.9e-7,1.6e-7,4.8e-7
Female,api,2015,45,2.1e-7,1.1e-7,3.7e-7
Female,api,2015,50,2.7e-7,1.5e-7,4.7e-7
Female,api,2015,55,1.5e-7,7e-8,2.7e-7
Female,api,2015,60,1.1e-7,5e-8,2.2e-7
Female,api,2015,65,7e-8,3e-8,1.6e-7
Female,api,2015,70,4e-8,1e-8,1e-7
Female,api,2015,75,9e-8,3e-8,2e-7
Female,api,2015,80,1e-7,3e-8,2.3e-7
Female,api,2016,0,2e-8,0,1.1e-7
Female,api,2016,1,2e-8,0,6e-8
Female,api,2016,5,3e-8,0,9e-8
Female,api,2016,10,3e-8,0,8e-8
Female,api,2016,15,6e-8,2e-8,1.3e-7
Female,api,2016,20,1.5e-7,7e-8,2.7e-7
Female,api,2016,25,2.3e-7,1.2e-7,4.1e-7
Female,api,2016,30,2.5e-7,1.4e-7,4.1e-7
Female,api,2016,35,2.1e-7,1.1e-7,3.5e-7
Female,api,2016,40,2.5e-7,1.4e-7,4.2e-7
Female,api,2016,45,1.9e-7,1e-7,3.2e-7
Female,api,2016,50,2.4e-7,1.3e-7,4.1e-7
Female,api,2016,55,1.3e-7,6e-8,2.4e-7
Female,api,2016,60,1e-7,4e-8,1.9e-7
Female,api,2016,65,7e-8,2e-8,1.4e-7
Female,api,2016,70,4e-8,1e-8,9e-8
Female,api,2016,75,8e-8,3e-8,1.8e-7
Female,api,2016,80,9e-8,3e-8,2e-7
Female,api,2017,0,2e-8,0,1.1e-7
Female,api,2017,1,2e-8,0,6e-8
Female,api,2017,5,3e-8,0,9e-8
Female,api,2017,10,3e-8,0,8e-8
Female,api,2017,15,6e-8,2e-8,1.3e-7
Female,api,2017,20,1.5e-7,7e-8,2.7e-7
Female,api,2017,25,2.3e-7,1.2e-7,4.1e-7
Female,api,2017,30,2.5e-7,1.4e-7,4.1e-7
Female,api,2017,35,2.1e-7,1.1e-7,3.5e-7
Female,api,2017,40,2.5e-7,1.4e-7,4.2e-7
Female,api,2017,45,1.9e-7,1e-7,3.2e-7
Female,api,2017,50,2.4e-7,1.3e-7,4.1e-7
Female,api,2017,55,1.3e-7,6e-8,2.4e-7
Female,api,2017,60,1e-7,4e-8,1.9e-7
Female,api,2017,65,7e-8,2e-8,1.4e-7
Female,api,2017,70,3e-8,1e-8,9e-8
Female,api,2017,75,8e-8,3e-8,1.8e-7
Female,api,2017,80,9e-8,3e-8,2e-7
Female,api,2018,0,3e-8,0,1.2e-7
Female,api,2018,1,2e-8,0,7e-8
Female,api,2018,5,4e-8,1e-8,1e-7
Female,api,2018,10,3e-8,0,9e-8
Female,api,2018,15,7e-8,2e-8,1.4e-7
Female,api,2018,20,1.7e-7,8e-8,3e-7
Female,api,2018,25,2.6e-7,1.4e-7,4.6e-7
Female,api,2018,30,2.8e-7,1.6e-7,4.6e-7
Female,api,2018,35,2.4e-7,1.3e-7,3.9e-7
Female,api,2018,40,2.9e-7,1.6e-7,4.7e-7
Female,api,2018,45,2.1e-7,1.2e-7,3.6e-7
Female,api,2018,50,2.7e-7,1.5e-7,4.7e-7
Female,api,2018,55,1.5e-7,7e-8,2.7e-7
Female,api,2018,60,1.1e-7,5e-8,2.1e-7
Female,api,2018,65,7e-8,3e-8,1.6e-7
Female,api,2018,70,4e-8,1e-8,1e-7
Female,api,2018,75,9e-8,3e-8,2e-7
Female,api,2018,80,1e-7,3e-8,2.3e-7
Female,api,2019,0,3e-8,0,1.2e-7
Female,api,2019,1,2e-8,0,7e-8
Female,api,2019,5,3e-8,1e-8,9e-8
Female,api,2019,10,3e-8,0,8e-8
Female,api,2019,15,6e-8,2e-8,1.4e-7
Female,api,2019,20,1.6e-7,8e-8,3e-7
Female,api,2019,25,2.5e-7,1.4e-7,4.5e-7
Female,api,2019,30,2.7e-7,1.5e-7,4.4e-7
Female,api,2019,35,2.3e-7,1.3e-7,3.8e-7
Female,api,2019,40,2.8e-7,1.6e-7,4.5e-7
Female,api,2019,45,2e-7,1.1e-7,3.5e-7
Female,api,2019,50,2.6e-7,1.5e-7,4.5e-7
Female,api,2019,55,1.4e-7,7e-8,2.6e-7
Female,api,2019,60,1.1e-7,5e-8,2.1e-7
Female,api,2019,65,7e-8,2e-8,1.5e-7
Female,api,2019,70,4e-8,1e-8,1e-7
Female,api,2019,75,9e-8,3e-8,1.9e-7
Female,api,2019,80,1e-7,3e-8,2.2e-7
Female,api,2020,0,2e-8,0,1.1e-7
Female,api,2020,1,2e-8,0,7e-8
Female,api,2020,5,3e-8,1e-8,9e-8
Female,api,2020,10,3e-8,0,8e-8
Female,api,2020,15,6e-8,2e-8,1.4e-7
Female,api,2020,20,1.6e-7,8e-8,2.9e-7
Female,api,2020,25,2.5e-7,1.4e-7,4.4e-7
Female,api,2020,30,2.7e-7,1.5e-7,4.4e-7
Female,api,2020,35,2.2e-7,1.2e-7,3.8e-7
Female,api,2020,40,2.7e-7,1.6e-7,4.5e-7
Female,api,2020,45,2e-7,1.1e-7,3.5e-7
Female,api,2020,50,2.6e-7,1.4e-7,4.4e-7
Female,api,2020,55,1.4e-7,7e-8,2.5e-7
Female,api,2020,60,1.1e-7,5e-8,2e-7
Female,api,2020,65,7e-8,2e-8,1.5e-7
Female,api,2020,70,4e-8,1e-8,1e-7
Female,api,2020,75,9e-8,3e-8,1.9e-7
Female,api,2020,80,1e-7,3e-8,2.2e-7
Female,api,2021,0,2e-8,0,1.1e-7
Female,api,2021,1,2e-8,0,6e-8
Female,api,2021,5,3e-8,1e-8,9e-8
Female,api,2021,10,3e-8,0,8e-8
Female,api,2021,15,6e-8,2e-8,1.3e-7
Female,api,2021,20,1.5e-7,8e-8,2.8e-7
Female,api,2021,25,2.4e-7,1.3e-7,4.3e-7
Female,api,2021,30,2.6e-7,1.4e-7,4.2e-7
Female,api,2021,35,2.2e-7,1.2e-7,3.6e-7
Female,api,2021,40,2.6e-7,1.5e-7,4.3e-7
Female,api,2021,45,1.9e-7,1e-7,3.3e-7
Female,api,2021,50,2.5e-7,1.4e-7,4.3e-7
Female,api,2021,55,1.3e-7,6e-8,2.4e-7
Female,api,2021,60,1e-7,4e-8,2e-7
Female,api,2021,65,7e-8,2e-8,1.5e-7
Female,api,2021,70,4e-8,1e-8,9e-8
Female,api,2021,75,8e-8,3e-8,1.8e-7
Female,api,2021,80,9e-8,3e-8,2.1e-7
Female,api,2022,0,3e-8,0,1.2e-7
Female,api,2022,1,2e-8,0,7e-8
Female,api,2022,5,4e-8,1e-8,1e-7
Female,api,2022,10,3e-8,0,8e-8
Female,api,2022,15,6e-8,2e-8,1.4e-7
Female,api,2022,20,1.6e-7,8e-8,3e-7
Female,api,2022,25,2.5e-7,1.4e-7,4.6e-7
Female,api,2022,30,2.8e-7,1.6e-7,4.5e-7
Female,api,2022,35,2.3e-7,1.3e-7,3.8e-7
Female,api,2022,40,2.8e-7,1.6e-7,4.6e-7
Female,api,2022,45,2.1e-7,1.1e-7,3.6e-7
Female,api,2022,50,2.6e-7,1.5e-7,4.6e-7
Female,api,2022,55,1.4e-7,7e-8,2.6e-7
Female,api,2022,60,1.1e-7,5e-8,2.1e-7
Female,api,2022,65,7e-8,2e-8,1.6e-7
Female,api,2022,70,4e-8,1e-8,1e-7
Female,api,2022,75,9e-8,3e-8,2e-7
Female,api,2022,80,1e-7,3e-8,2.3e-7
Female,api,2023,0,3e-8,0,1.3e-7
Female,api,2023,1,2e-8,0,7e-8
Female,api,2023,5,4e-8,1e-8,1e-7
Female,api,2023,10,3e-8,1e-8,9e-8
Female,api,2023,15,7e-8,2e-8,1.5e-7
Female,api,2023,20,1.8e-7,9e-8,3.3e-7
Female,api,2023,25,2.7e-7,1.5e-7,4.9e-7
Female,api,2023,30,3e-7,1.7e-7,4.9e-7
Female,api,2023,35,2.5e-7,1.4e-7,4.2e-7
Female,api,2023,40,3e-7,1.7e-7,5e-7
Female,api,2023,45,2.3e-7,1.2e-7,3.9e-7
Female,api,2023,50,2.9e-7,1.6e-7,5e-7
Female,api,2023,55,1.6e-7,8e-8,2.8e-7
Female,api,2023,60,1.2e-7,5e-8,2.3e-7
Female,api,2023,65,8e-8,3e-8,1.7e-7
Female,api,2023,70,4e-8,1e-8,1.1e-7
Female,api,2023,75,1e-7,3e-8,2.1e-7
Female,api,2023,80,1.1e-7,3e-8,2.4e-7
Female,black,2013,0,1e-8,0,6e-8
Female,black,2013,1,3e-8,1e-8,7e-8
Female,black,2013,5,4e-8,1e-8,8e-8
Female,black,2013,10,5e-8,2e-8,1e-7
Female,black,2013,15,2.5e-7,1.4e-7,4e-7
Female,black,2013,20,8.8e-7,6.3e-7,1.21e-6
Female,black,2013,25,1.15e-6,8.5e-7,1.51e-6
Female,black,2013,30,1.35e-6,1e-6,1.77e-6
Female,black,2013,35,1.12e-6,8.3e-7,1.47e-6
Female,black,2013,40,1.06e-6,7.7e-7,1.41e-6
Female,black,2013,45,6.8e-7,4.7e-7,9.3e-7
Female,black,2013,50,6.4e-7,4.4e-7,8.8e-7
Female,black,2013,55,3.8e-7,2.4e-7,5.5e-7
Female,black,2013,60,3.1e-7,2e-7,4.7e-7
Female,black,2013,65,2e-7,1.1e-7,3.3e-7
Female,black,2013,70,1.5e-7,7e-8,2.6e-7
Female,black,2013,75,2.2e-7,1.2e-7,3.8e-7
Female,black,2013,80,2.8e-7,1.5e-7,4.8e-7
Female,black,2014,0,1e-8,0,5e-8
Female,black,2014,1,3e-8,0,7e-8
Female,black,2014,5,4e-8,1e-8,8e-8
Female,black,2014,10,5e-8,2e-8,1e-7
Female,black,2014,15,2.4e-7,1.4e-7,3.8e-7
Female,black,2014,20,8.5e-7,6e-7,1.15e-6
Female,black,2014,25,1.1e-6,8.2e-7,1.45e-6
Female,black,2014,30,1.29e-6,9.6e-7,1.69e-6
Female,black,2014,35,1.07e-6,7.9e-7,1.4e-6
Female,black,2014,40,1.01e-6,7.4e-7,1.35e-6
Female,black,2014,45,6.5e-7,4.5e-7,8.9e-7
Female,black,2014,50,6.1e-7,4.2e-7,8.4e-7
Female,black,2014,55,3.6e-7,2.3e-7,5.2e-7
Female,black,2014,60,3e-7,1.9e-7,4.5e-7
Female,black,2014,65,1.9e-7,1.1e-7,3.1e-7
Female,black,2014,70,1.4e-7,7e-8,2.5e-7
Female,black,2014,75,2.1e-7,1.1e-7,3.6e-7
Female,black,2014,80,2.7e-7,1.4e-7,4.5e-7
Female,black,2015,0,1e-8,0,5e-8
Female,black,2015,1,3e-8,0,7e-8
Female,black,2015,5,3e-8,1e-8,8e-8
Female,black,2015,10,5e-8,1e-8,1e-7
Female,black,2015,15,2.4e-7,1.3e-7,3.8e-7
Female,black,2015,20,8.3e-7,5.9e-7,1.14e-6
Female,black,2015,25,1.08e-6,8e-7,1.42e-6
Female,black,2015,30,1.27e-6,9.4e-7,1.66e-6
Female,black,2015,35,1.05e-6,7.8e-7,1.38e-6
Female,black,2015,40,9.9e-7,7.2e-7,1.33e-6
Female,black,2015,45,6.4e-7,4.4e-7,8.8e-7
Female,black,2015,50,6e-7,4.2e-7,8.3e-7
Female,black,2015,55,3.5e-7,2.3e-7,5.2e-7
Female,black,2015,60,2.9e-7,1.8e-7,4.4e-7
Female,black,2015,65,1.9e-7,1e-7,3.1e-7
Female,black,2015,70,1.4e-7,7e-8,2.4e-7
Female,black,2015,75,2.1e-7,1.1e-7,3.6e-7
Female,black,2015,80,2.6e-7,1.4e-7,4.5e-7
Female,black,2016,0,1e-8,0,5e-8
Female,black,2016,1,3e-8,0,7e-8
Female,black,2016,5,3e-8,1e-8,8e-8
Female,black,2016,10,5e-8,1e-8,9e-8
Female,black,2016,15,2.3e-7,1.3e-7,3.7e-7
Female,black,2016,20,8.2e-7,5.8e-7,1.11e-6
Female,black,2016,25,1.06e-6,7.9e-7,1.4e-6
Female,black,2016,30,1.24e-6,9.3e-7,1.63e-6
Female,black,2016,35,1.03e-6,7.6e-7,1.36e-6
Female,black,2016,40,9.8e-7,7.1e-7,1.3e-6
Female,black,2016,45,6.2e-7,4.3e-7,8.6e-7
Female,black,2016,50,5.9e-7,4.1e-7,8.1e-7
Female,black,2016,55,3.5e-7,2.2e-7,5.1e-7
Female,black,2016,60,2.9e-7,1.8e-7,4.4e-7
Female,black,2016,65,1.8e-7,1e-7,3e-7
Female,black,2016,70,1.4e-7,7e-8,2.4e-7
Female,black,2016,75,2.1e-7,1.1e-7,3.5e-7
Female,black,2016,80,2.6e-7,1.4e-7,4.4e-7
Female,black,2017,0,1e-8,0,5e-8
Female,black,2017,1,3e-8,0,7e-8
Female,black,2017,5,3e-8,1e-8,8e-8
Female,black,2017,10,5e-8,1e-8,1e-7
Female,black,2017,15,2.3e-7,1.3e-7,3.7e-7
Female,black,2017,20,8.2e-7,5.8e-7,1.13e-6
Female,black,2017,25,1.07e-6,7.9e-7,1.41e-6
Female,black,2017,30,1.26e-6,9.4e-7,1.65e-6
Female,black,2017,35,1.04e-6,7.7e-7,1.37e-6
Female,black,2017,40,9.9e-7,7.1e-7,1.32e-6
Female,black,2017,45,6.3e-7,4.4e-7,8.7e-7
Female,black,2017,50,6e-7,4.1e-7,8.3e-7
Female,black,2017,55,3.5e-7,2.3e-7,5.1e-7
Female,black,2017,60,2.9e-7,1.8e-7,4.4e-7
Female,black,2017,65,1.9e-7,1e-7,3e-7
Female,black,2017,70,1.4e-7,7e-8,2.4e-7
Female,black,2017,75,2.1e-7,1.1e-7,3.5e-7
Female,black,2017,80,2.6e-7,1.4e-7,4.4e-7
Female,black,2018,0,1e-8,0,6e-8
Female,black,2018,1,3e-8,1e-8,7e-8
Female,black,2018,5,4e-8,1e-8,8e-8
Female,black,2018,10,5e-8,2e-8,1e-7
Female,black,2018,15,2.5e-7,1.4e-7,4e-7
Female,black,2018,20,8.8e-7,6.3e-7,1.2e-6
Female,black,2018,25,1.15e-6,8.6e-7,1.51e-6
Female,black,2018,30,1.35e-6,1.01e-6,1.76e-6
Female,black,2018,35,1.12e-6,8.3e-7,1.47e-6
Female,black,2018,40,1.06e-6,7.7e-7,1.41e-6
Female,black,2018,45,6.8e-7,4.7e-7,9.3e-7
Female,black,2018,50,6.4e-7,4.4e-7,8.8e-7
Female,black,2018,55,3.8e-7,2.5e-7,5.5e-7
Female,black,2018,60,3.1e-7,2e-7,4.7e-7
Female,black,2018,65,2e-7,1.1e-7,3.2e-7
Female,black,2018,70,1.5e-7,7e-8,2.6e-7
Female,black,2018,75,2.2e-7,1.2e-7,3.8e-7
Female,black,2018,80,2.8e-7,1.5e-7,4.7e-7
Female,black,2019,0,1e-8,0,6e-8
Female,black,2019,1,3e-8,0,7e-8
Female,black,2019,5,4e-8,1e-8,8e-8
Female,black,2019,10,5e-8,2e-8,1e-7
Female,black,2019,15,2.5e-7,1.4e-7,3.9e-7
Female,black,2019,20,8.7e-7,6.2e-7,1.18e-6
Female,black,2019,25,1.13e-6,8.4e-7,1.48e-6
Female,black,2019,30,1.32e-6,9.9e-7,1.72e-6
Female,black,2019,35,1.09e-6,8.1e-7,1.43e-6
Female,black,2019,40,1.04e-6,7.6e-7,1.38e-6
Female,black,2019,45,6.6e-7,4.6e-7,9.1e-7
Female,black,2019,50,6.3e-7,4.4e-7,8.6e-7
Female,black,2019,55,3.7e-7,2.4e-7,5.4e-7
Female,black,2019,60,3.1e-7,1.9e-7,4.6e-7
Female,black,2019,65,2e-7,1.1e-7,3.2e-7
Female,black,2019,70,1.4e-7,7e-8,2.5e-7
Female,black,2019,75,2.2e-7,1.2e-7,3.7e-7
Female,black,2019,80,2.7e-7,1.5e-7,4.6e-7
Female,black,2020,0,1e-8,0,5e-8
Female,black,2020,1,3e-8,0,7e-8
Female,black,2020,5,4e-8,1e-8,8e-8
Female,black,2020,10,5e-8,2e-8,1e-7
Female,black,2020,15,2.4e-7,1.4e-7,3.9e-7
Female,black,2020,20,8.6e-7,6.1e-7,1.18e-6
Female,black,2020,25,1.13e-6,8.3e-7,1.47e-6
Female,black,2020,30,1.32e-6,9.9e-7,1.72e-6
Female,black,2020,35,1.09e-6,8.1e-7,1.43e-6
Female,black,2020,40,1.03e-6,7.5e-7,1.37e-6
Female,black,2020,45,6.6e-7,4.6e-7,9.1e-7
Female,black,2020,50,6.2e-7,4.3e-7,8.6e-7
Female,black,2020,55,3.7e-7,2.4e-7,5.3e-7
Female,black,2020,60,3.1e-7,1.9e-7,4.6e-7
Female,black,2020,65,2e-7,1.1e-7,3.2e-7
Female,black,2020,70,1.4e-7,7e-8,2.5e-7
Female,black,2020,75,2.2e-7,1.2e-7,3.7e-7
Female,black,2020,80,2.7e-7,1.4e-7,4.6e-7
Female,black,2021,0,1e-8,0,6e-8
Female,black,2021,1,3e-8,1e-8,7e-8
Female,black,2021,5,4e-8,1e-8,8e-8
Female,black,2021,10,5e-8,2e-8,1e-7
Female,black,2021,15,2.5e-7,1.5e-7,4e-7
Female,black,2021,20,9e-7,6.3e-7,1.22e-6
Female,black,2021,25,1.17e-6,8.7e-7,1.52e-6
Female,black,2021,30,1.37e-6,1.03e-6,1.78e-6
Female,black,2021,35,1.13e-6,8.4e-7,1.48e-6
Female,black,2021,40,1.07e-6,7.8e-7,1.43e-6
Female,black,2021,45,6.9e-7,4.8e-7,9.4e-7
Female,black,2021,50,6.5e-7,4.5e-7,8.9e-7
Female,black,2021,55,3.8e-7,2.5e-7,5.5e-7
Female,black,2021,60,3.2e-7,2e-7,4.8e-7
Female,black,2021,65,2e-7,1.1e-7,3.3e-7
Female,black,2021,70,1.5e-7,7e-8,2.6e-7
Female,black,2021,75,2.3e-7,1.2e-7,3.8e-7
Female,black,2021,80,2.8e-7,1.5e-7,4.8e-7
Female,black,2022,0,1e-8,0,6e-8
Female,black,2022,1,3e-8,1e-8,8e-8
Female,black,2022,5,4e-8,1e-8,9e-8
Female,black,2022,10,6e-8,2e-8,1.1e-7
Female,black,2022,15,2.8e-7,1.6e-7,4.5e-7
Female,black,2022,20,9.9e-7,7.1e-7,1.37e-6
Female,black,2022,25,1.29e-6,9.6e-7,1.72e-6
Female,black,2022,30,1.52e-6,1.14e-6,2.01e-6
Female,black,2022,35,1.26e-6,9.4e-7,1.67e-6
Female,black,2022,40,1.19e-6,8.7e-7,1.6e-6
Female,black,2022,45,7.6e-7,5.3e-7,1.06e-6
Female,black,2022,50,7.2e-7,5e-7,1e-6
Female,black,2022,55,4.3e-7,2.8e-7,6.2e-7
Female,black,2022,60,3.5e-7,2.2e-7,5.3e-7
Female,black,2022,65,2.3e-7,1.3e-7,3.7e-7
Female,black,2022,70,1.7e-7,8e-8,2.9e-7
Female,black,2022,75,2.5e-7,1.4e-7,4.3e-7
Female,black,2022,80,3.1e-7,1.7e-7,5.4e-7
Female,black,2023,0,1e-8,0,6e-8
Female,black,2023,1,3e-8,1e-8,8e-8
Female,black,2023,5,4e-8,1e-8,9e-8
Female,black,2023,10,6e-8,2e-8,1.2e-7
Female,black,2023,15,2.9e-7,1.7e-7,4.6e-7
Female,black,2023,20,1.03e-6,7.3e-7,1.4e-6
Female,black,2023,25,1.34e-6,1e-6,1.76e-6
Female,black,2023,30,1.56e-6,1.18e-6,2.05e-6
Female,black,2023,35,1.3e-6,9.7e-7,1.71e-6
Female,black,2023,40,1.23e-6,9e-7,1.64e-6
Female,black,2023,45,7.8e-7,5.5e-7,1.08e-6
Female,black,2023,50,7.4e-7,5.2e-7,1.03e-6
Female,black,2023,55,4.4e-7,2.9e-7,6.4e-7
Female,black,2023,60,3.6e-7,2.3e-7,5.5e-7
Female,black,2023,65,2.3e-7,1.3e-7,3.8e-7
Female,black,2023,70,1.7e-7,9e-8,3e-7
Female,black,2023,75,2.6e-7,1.4e-7,4.4e-7
Female,black,2023,80,3.2e-7,1.7e-7,5.5e-7
Female,hispanic,2013,0,1e-8,0,6e-8
Female,hispanic,2013,1,3e-8,0,6e-8
Female,hispanic,2013,5,4e-8,1e-8,8e-8
Female,hispanic,2013,10,4e-8,1e-8,8e-8
Female,hispanic,2013,15,1.5e-7,8e-8,2.4e-7
Female,hispanic,2013,20,4.7e-7,3.289999999999782e-7,6.5e-7
Female,hispanic,2013,25,7.1e-7,5.2e-7,9.4e-7
Female,hispanic,2013,30,8e-7,6e-7,1.05e-6
Female,hispanic,2013,35,7.3e-7,5.4e-7,9.5e-7
Female,hispanic,2013,40,7.1e-7,5.2e-7,9.4e-7
Female,hispanic,2013,45,5e-7,3.5e-7,6.8e-7
Female,hispanic,2013,50,4.9e-7,3.5e-7,6.6e-7
Female,hispanic,2013,55,3.2e-7,2.1e-7,4.5e-7
Female,hispanic,2013,60,2.3e-7,1.5e-7,3.4e-7
Female,hispanic,2013,65,1.6e-7,9e-8,2.5e-7
Female,hispanic,2013,70,1.1e-7,6e-8,2e-7
Female,hispanic,2013,75,1.8e-7,1e-7,3e-7
Female,hispanic,2013,80,2.2e-7,1.2e-7,3.6e-7
Female,hispanic,2014,0,1e-8,0,6e-8
Female,hispanic,2014,1,3e-8,0,6e-8
Female,hispanic,2014,5,4e-8,1e-8,8e-8
Female,hispanic,2014,10,4e-8,1e-8,8e-8
Female,hispanic,2014,15,1.5e-7,8e-8,2.4e-7
Female,hispanic,2014,20,4.7e-7,3.3e-7,6.5e-7
Female,hispanic,2014,25,7.1e-7,5.2e-7,9.4e-7
Female,hispanic,2014,30,8e-7,6e-7,1.06e-6
Female,hispanic,2014,35,7.3e-7,5.5e-7,9.5e-7
Female,hispanic,2014,40,7.2e-7,5.3e-7,9.4e-7
Female,hispanic,2014,45,5.1e-7,3.6e-7,6.9e-7
Female,hispanic,2014,50,4.9e-7,3.5e-7,6.7e-7
Female,hispanic,2014,55,3.2e-7,2.1e-7,4.5e-7
Female,hispanic,2014,60,2.3e-7,1.5e-7,3.5e-7
Female,hispanic,2014,65,1.6e-7,9e-8,2.5e-7
Female,hispanic,2014,70,1.1e-7,6e-8,2e-7
Female,hispanic,2014,75,1.8e-7,1e-7,3e-7
Female,hispanic,2014,80,2.2e-7,1.2e-7,3.6e-7
Female,hispanic,2015,0,1e-8,0,6e-8
Female,hispanic,2015,1,3e-8,0,6e-8
Female,hispanic,2015,5,4e-8,1e-8,8e-8
Female,hispanic,2015,10,4e-8,1e-8,8e-8
Female,hispanic,2015,15,1.5e-7,8e-8,2.3e-7
Female,hispanic,2015,20,4.6e-7,3.2e-7,6.4e-7
Female,hispanic,2015,25,6.9e-7,5.1e-7,9.2e-7
Female,hispanic,2015,30,7.9e-7,5.9e-7,1.04e-6
Female,hispanic,2015,35,7.2e-7,5.3e-7,9.3e-7
Female,hispanic,2015,40,7e-7,5.1e-7,9.2e-7
Female,hispanic,2015,45,5e-7,3.5e-7,6.7e-7
Female,hispanic,2015,50,4.8e-7,3.4e-7,6.510000000000582e-7
Female,hispanic,2015,55,3.1e-7,2e-7,4.4e-7
Female,hispanic,2015,60,2.3e-7,1.4e-7,3.4e-7
Female,hispanic,2015,65,1.5e-7,9e-8,2.4e-7
Female,hispanic,2015,70,1.1e-7,5e-8,1.9e-7
Female,hispanic,2015,75,1.8e-7,1e-7,2.9e-7
Female,hispanic,2015,80,2.1e-7,1.2e-7,3.5e-7
Female,hispanic,2016,0,1e-8,0,6e-8
Female,hispanic,2016,1,3e-8,0,6e-8
Female,hispanic,2016,5,4e-8,1e-8,8e-8
Female,hispanic,2016,10,4e-8,1e-8,8e-8
Female,hispanic,2016,15,1.5e-7,8e-8,2.3e-7
Female,hispanic,2016,20,4.6e-7,3.2e-7,6.5e-7
Female,hispanic,2016,25,7e-7,5.1e-7,9.3e-7
Female,hispanic,2016,30,7.9e-7,5.9e-7,1.04e-6
Female,hispanic,2016,35,7.2e-7,5.3e-7,9.4e-7
Female,hispanic,2016,40,7e-7,5.2e-7,9.2e-7
Female,hispanic,2016,45,5e-7,3.5e-7,6.7e-7
Female,hispanic,2016,50,4.9e-7,3.5e-7,6.6e-7
Female,hispanic,2016,55,3.1e-7,2.1e-7,4.4e-7
Female,hispanic,2016,60,2.3e-7,1.4e-7,3.4e-7
Female,hispanic,2016,65,1.5e-7,9e-8,2.4e-7
Female,hispanic,2016,70,1.1e-7,5e-8,1.9e-7
Female,hispanic,2016,75,1.8e-7,1e-7,3e-7
Female,hispanic,2016,80,2.2e-7,1.2e-7,3.6e-7
Female,hispanic,2017,0,1e-8,0,6e-8
Female,hispanic,2017,1,3e-8,0,6e-8
Female,hispanic,2017,5,4e-8,1e-8,8e-8
Female,hispanic,2017,10,4e-8,1e-8,9e-8
Female,hispanic,2017,15,1.5e-7,9e-8,2.4e-7
Female,hispanic,2017,20,4.8e-7,3.4e-7,6.8e-7
Female,hispanic,2017,25,7.3e-7,5.4e-7,9.7e-7
Female,hispanic,2017,30,8.3e-7,6.2e-7,1.09e-6
Female,hispanic,2017,35,7.5e-7,5.6e-7,9.8e-7
Female,hispanic,2017,40,7.4e-7,5.4e-7,9.7e-7
Female,hispanic,2017,45,5.2e-7,3.7e-7,7e-7
Female,hispanic,2017,50,5.1e-7,3.6e-7,6.9e-7
Female,hispanic,2017,55,3.3e-7,2.2e-7,4.6e-7
Female,hispanic,2017,60,2.4e-7,1.5e-7,3.6e-7
Female,hispanic,2017,65,1.6e-7,9e-8,2.5e-7
Female,hispanic,2017,70,1.2e-7,6e-8,2e-7
Female,hispanic,2017,75,1.9e-7,1.1e-7,3.1e-7
Female,hispanic,2017,80,2.3e-7,1.3e-7,3.7e-7
Female,hispanic,2018,0,2e-8,0,6e-8
Female,hispanic,2018,1,3e-8,1e-8,7e-8
Female,hispanic,2018,5,4e-8,1e-8,8e-8
Female,hispanic,2018,10,4e-8,1e-8,9e-8
Female,hispanic,2018,15,1.6e-7,9e-8,2.5e-7
Female,hispanic,2018,20,5e-7,3.5e-7,7e-7
Female,hispanic,2018,25,7.6e-7,5.6e-7,1.01e-6
Female,hispanic,2018,30,8.6e-7,6.5e-7,1.13e-6
Female,hispanic,2018,35,7.8e-7,5.9e-7,1.02e-6
Female,hispanic,2018,40,7.7e-7,5.7e-7,1e-6
Female,hispanic,2018,45,5.4e-7,3.9e-7,7.3e-7
Female,hispanic,2018,50,5.3e-7,3.8e-7,7.1e-7
Female,hispanic,2018,55,3.4e-7,2.3e-7,4.8e-7
Female,hispanic,2018,60,2.5e-7,1.6e-7,3.7e-7
Female,hispanic,2018,65,1.7e-7,9e-8,2.7e-7
Female,hispanic,2018,70,1.2e-7,6e-8,2.1e-7
Female,hispanic,2018,75,2e-7,1.1e-7,3.2e-7
Female,hispanic,2018,80,2.4e-7,1.3e-7,3.9e-7
Female,hispanic,2019,0,1e-8,0,6e-8
Female,hispanic,2019,1,3e-8,0,6e-8
Female,hispanic,2019,5,4e-8,1e-8,8e-8
Female,hispanic,2019,10,4e-8,1e-8,8e-8
Female,hispanic,2019,15,1.5e-7,9e-8,2.4e-7
Female,hispanic,2019,20,4.8e-7,3.3e-7,6.6e-7
Female,hispanic,2019,25,7.2e-7,5.3e-7,9.6e-7
Female,hispanic,2019,30,8.2e-7,6.1e-7,1.07e-6
Female,hispanic,2019,35,7.4e-7,5.5e-7,9.6e-7
Female,hispanic,2019,40,7.3e-7,5.4e-7,9.5e-7
Female,hispanic,2019,45,5.1e-7,3.6e-7,6.9e-7
Female,hispanic,2019,50,5e-7,3.6e-7,6.8e-7
Female,hispanic,2019,55,3.2e-7,2.1e-7,4.6e-7
Female,hispanic,2019,60,2.4e-7,1.5e-7,3.5e-7
Female,hispanic,2019,65,1.6e-7,9e-8,2.5e-7
Female,hispanic,2019,70,1.2e-7,6e-8,2e-7
Female,hispanic,2019,75,1.9e-7,1e-7,3e-7
Female,hispanic,2019,80,2.2e-7,1.2e-7,3.6e-7
Female,hispanic,2020,0,1e-8,0,6e-8
Female,hispanic,2020,1,3e-8,0,6e-8
Female,hispanic,2020,5,4e-8,1e-8,8e-8
Female,hispanic,2020,10,4e-8,1e-8,9e-8
Female,hispanic,2020,15,1.5e-7,9e-8,2.5e-7
Female,hispanic,2020,20,4.9e-7,3.4e-7,6.8e-7
Female,hispanic,2020,25,7.3e-7,5.4e-7,9.7e-7
Female,hispanic,2020,30,8.3e-7,6.289999999999782e-7,1.09e-6
Female,hispanic,2020,35,7.6e-7,5.6e-7,9.8e-7
Female,hispanic,2020,40,7.4e-7,5.5e-7,9.7e-7
Female,hispanic,2020,45,5.2e-7,3.7e-7,7.1e-7
Female,hispanic,2020,50,5.1e-7,3.7e-7,6.9e-7
Female,hispanic,2020,55,3.3e-7,2.2e-7,4.7e-7
Female,hispanic,2020,60,2.4e-7,1.5e-7,3.6e-7
Female,hispanic,2020,65,1.6e-7,9e-8,2.6e-7
Female,hispanic,2020,70,1.2e-7,6e-8,2e-7
Female,hispanic,2020,75,1.9e-7,1.1e-7,3.1e-7
Female,hispanic,2020,80,2.3e-7,1.3e-7,3.7e-7
Female,hispanic,2021,0,2e-8,0,6e-8
Female,hispanic,2021,1,3e-8,0,7e-8
Female,hispanic,2021,5,4e-8,1e-8,8e-8
Female,hispanic,2021,10,4e-8,1e-8,9e-8
Female,hispanic,2021,15,1.6e-7,9e-8,2.5e-7
Female,hispanic,2021,20,4.9e-7,3.5e-7,6.9e-7
Female,hispanic,2021,25,7.5e-7,5.5e-7,9.8e-7
Female,hispanic,2021,30,8.4e-7,6.4e-7,1.11e-6
Female,hispanic,2021,35,7.7e-7,5.8e-7,1e-6
Female,hispanic,2021,40,7.5e-7,5.6e-7,9.8e-7
Female,hispanic,2021,45,5.3e-7,3.8e-7,7.2e-7
Female,hispanic,2021,50,5.2e-7,3.7e-7,7e-7
Female,hispanic,2021,55,3.3e-7,2.2e-7,4.7e-7
Female,hispanic,2021,60,2.5e-7,1.5e-7,3.6e-7
Female,hispanic,2021,65,1.6e-7,9e-8,2.6e-7
Female,hispanic,2021,70,1.2e-7,6e-8,2e-7
Female,hispanic,2021,75,1.9e-7,1.1e-7,3.1e-7
Female,hispanic,2021,80,2.3e-7,1.3e-7,3.8e-7
Female,hispanic,2022,0,2e-8,0,6e-8
Female,hispanic,2022,1,3e-8,1e-8,7e-8
Female,hispanic,2022,5,4e-8,1e-8,9e-8
Female,hispanic,2022,10,5e-8,2e-8,9e-8
Female,hispanic,2022,15,1.7e-7,1e-7,2.6e-7
Female,hispanic,2022,20,5.3e-7,3.7e-7,7.3e-7
Female,hispanic,2022,25,7.9e-7,5.9e-7,1.05e-6
Female,hispanic,2022,30,9e-7,6.8e-7,1.18e-6
Female,hispanic,2022,35,8.2e-7,6.1e-7,1.07e-6
Female,hispanic,2022,40,8e-7,5.9e-7,1.05e-6
Female,hispanic,2022,45,5.7e-7,4e-7,7.7e-7
Female,hispanic,2022,50,5.5e-7,4e-7,7.5e-7
Female,hispanic,2022,55,3.6e-7,2.4e-7,5e-7
Female,hispanic,2022,60,2.6e-7,1.7e-7,3.9e-7
Female,hispanic,2022,65,1.8e-7,1e-7,2.8e-7
Female,hispanic,2022,70,1.3e-7,6e-8,2.2e-7
Female,hispanic,2022,75,2.1e-7,1.2e-7,3.3e-7
Female,hispanic,2022,80,2.5e-7,1.4e-7,4e-7
Female,hispanic,2023,0,2e-8,0,7e-8
Female,hispanic,2023,1,3e-8,1e-8,7e-8
Female,hispanic,2023,5,4e-8,1e-8,9e-8
Female,hispanic,2023,10,5e-8,2e-8,1e-7
Female,hispanic,2023,15,1.8e-7,1e-7,2.8e-7
Female,hispanic,2023,20,5.6e-7,3.9e-7,7.8e-7
Female,hispanic,2023,25,8.4e-7,6.3e-7,1.12e-6
Female,hispanic,2023,30,9.5e-7,7.2e-7,1.26e-6
Female,hispanic,2023,35,8.7e-7,6.5e-7,1.13e-6
Female,hispanic,2023,40,8.5e-7,6.3e-7,1.12e-6
Female,hispanic,2023,45,6e-7,4.3e-7,8.1e-7
Female,hispanic,2023,50,5.9e-7,4.2e-7,7.9e-7
Female,hispanic,2023,55,3.8e-7,2.5e-7,5.3e-7
Female,hispanic,2023,60,2.8e-7,1.8e-7,4.1e-7
Female,hispanic,2023,65,1.9e-7,1.1e-7,2.9e-7
Female,hispanic,2023,70,1.4e-7,7e-8,2.3e-7
Female,hispanic,2023,75,2.2e-7,1.2e-7,3.5e-7
Female,hispanic,2023,80,2.6e-7,1.5e-7,4.3e-7
Female,white,2013,0,1e-8,0,6e-8
Female,white,2013,1,3e-8,0,6e-8
Female,white,2013,5,4e-8,1e-8,8e-8
Female,white,2013,10,4e-8,1e-8,8e-8
Female,white,2013,15,1.3e-7,8e-8,2.1e-7
Female,white,2013,20,3.6e-7,2.5e-7,5e-7
Female,white,2013,25,6.2e-7,4.6e-7,7.9e-7
Female,white,2013,30,7e-7,5.4e-7,8.9e-7
Female,white,2013,35,7.1e-7,5.4e-7,9e-7
Female,white,2013,40,7.9e-7,6.1e-7,1e-6
Female,white,2013,45,5.8e-7,4.3e-7,7.5e-7
Female,white,2013,50,5e-7,3.7e-7,6.5e-7
Female,white,2013,55,3.5e-7,2.5e-7,4.8e-7
Female,white,2013,60,2.4e-7,1.5e-7,3.4e-7
Female,white,2013,65,1.6e-7,1e-7,2.5e-7
Female,white,2013,70,1.1e-7,6e-8,1.9e-7
Female,white,2013,75,1.7e-7,1e-7,2.7e-7
Female,white,2013,80,2.2e-7,1.3e-7,3.4e-7
Female,white,2014,0,1e-8,0,6e-8
Female,white,2014,1,3e-8,0,6e-8
Female,white,2014,5,4e-8,1e-8,8e-8
Female,white,2014,10,4e-8,1e-8,8e-8
Female,white,2014,15,1.4e-7,8e-8,2.1e-7
Female,white,2014,20,3.7e-7,2.6e-7,5e-7
Female,white,2014,25,6.2e-7,4.7e-7,8e-7
Female,white,2014,30,7.1e-7,5.4e-7,9e-7
Female,white,2014,35,7.1e-7,5.5e-7,9.1e-7
Female,white,2014,40,8e-7,6.1e-7,1.01e-6
Female,white,2014,45,5.8e-7,4.3e-7,7.6e-7
Female,white,2014,50,5e-7,3.7e-7,6.6e-7
Female,white,2014,55,3.6e-7,2.5e-7,4.8e-7
Female,white,2014,60,2.4e-7,1.6e-7,3.4e-7
Female,white,2014,65,1.7e-7,1e-7,2.5e-7
Female,white,2014,70,1.1e-7,6e-8,1.9e-7
Female,white,2014,75,1.8e-7,1e-7,2.8e-7
Female,white,2014,80,2.2e-7,1.3e-7,3.5e-7
Female,white,2015,0,1e-8,0,6e-8
Female,white,2015,1,3e-8,0,6e-8
Female,white,2015,5,4e-8,1e-8,8e-8
Female,white,2015,10,4e-8,1e-8,8e-8
Female,white,2015,15,1.3e-7,8e-8,2.1e-7
Female,white,2015,20,3.6e-7,2.5e-7,5e-7
Female,white,2015,25,6.1e-7,4.6e-7,7.9e-7
Female,white,2015,30,7e-7,5.3e-7,8.9e-7
Female,white,2015,35,7.1e-7,5.4e-7,9e-7
Female,white,2015,40,7.9e-7,6.1e-7,1e-6
Female,white,2015,45,5.7e-7,4.3e-7,7.5e-7
Female,white,2015,50,5e-7,3.7e-7,6.5e-7
Female,white,2015,55,3.5e-7,2.5e-7,4.8e-7
Female,white,2015,60,2.4e-7,1.5e-7,3.4e-7
Female,white,2015,65,1.6e-7,1e-7,2.5e-7
Female,white,2015,70,1.1e-7,6e-8,1.9e-7
Female,white,2015,75,1.8e-7,1e-7,2.7e-7
Female,white,2015,80,2.2e-7,1.2e-7,3.4e-7
Female,white,2016,0,1e-8,0,6e-8
Female,white,2016,1,3e-8,0,6e-8
Female,white,2016,5,4e-8,1e-8,8e-8
Female,white,2016,10,4e-8,1e-8,8e-8
Female,white,2016,15,1.3e-7,8e-8,2.1e-7
Female,white,2016,20,3.6e-7,2.5e-7,5e-7
Female,white,2016,25,6.1e-7,4.6e-7,7.9e-7
Female,white,2016,30,7e-7,5.3e-7,8.9e-7
Female,white,2016,35,7.1e-7,5.4e-7,9e-7
Female,white,2016,40,7.9e-7,6.1e-7,1e-6
Female,white,2016,45,5.8e-7,4.3e-7,7.5e-7
Female,white,2016,50,5e-7,3.7e-7,6.5e-7
Female,white,2016,55,3.5e-7,2.5e-7,4.8e-7
Female,white,2016,60,2.4e-7,1.5e-7,3.4e-7
Female,white,2016,65,1.6e-7,1e-7,2.5e-7
Female,white,2016,70,1.1e-7,6e-8,1.9e-7
Female,white,2016,75,1.8e-7,1e-7,2.7e-7
Female,white,2016,80,2.2e-7,1.3e-7,3.4e-7
Female,white,2017,0,1e-8,0,6e-8
Female,white,2017,1,3e-8,0,6e-8
Female,white,2017,5,4e-8,1e-8,8e-8
Female,white,2017,10,4e-8,1e-8,8e-8
Female,white,2017,15,1.4e-7,8e-8,2.1e-7
Female,white,2017,20,3.7e-7,2.6e-7,5.1e-7
Female,white,2017,25,6.2e-7,4.7e-7,8e-7
Female,white,2017,30,7.1e-7,5.4e-7,9.1e-7
Female,white,2017,35,7.2e-7,5.5e-7,9.1e-7
Female,white,2017,40,8e-7,6.2e-7,1.02e-6
Female,white,2017,45,5.8e-7,4.4e-7,7.6e-7
Female,white,2017,50,5.1e-7,3.7e-7,6.6e-7
Female,white,2017,55,3.6e-7,2.5e-7,4.9e-7
Female,white,2017,60,2.4e-7,1.6e-7,3.4e-7
Female,white,2017,65,1.7e-7,1e-7,2.5e-7
Female,white,2017,70,1.1e-7,6e-8,1.9e-7
Female,white,2017,75,1.8e-7,1e-7,2.8e-7
Female,white,2017,80,2.2e-7,1.3e-7,3.5e-7
Female,white,2018,0,2e-8,0,6e-8
Female,white,2018,1,3e-8,1e-8,7e-8
Female,white,2018,5,4e-8,1e-8,9e-8
Female,white,2018,10,4e-8,1e-8,8e-8
Female,white,2018,15,1.5e-7,8e-8,2.3e-7
Female,white,2018,20,4e-7,2.8e-7,5.4e-7
Female,white,2018,25,6.7e-7,5.1e-7,8.6e-7
Female,white,2018,30,7.6e-7,5.9e-7,9.7e-7
Female,white,2018,35,7.7e-7,5.9e-7,9.7e-7
Female,white,2018,40,8.6e-7,6.7e-7,1.09e-6
Female,white,2018,45,6.2e-7,4.7e-7,8.1e-7
Female,white,2018,50,5.4e-7,4e-7,7e-7
Female,white,2018,55,3.9e-7,2.7e-7,5.2e-7
Female,white,2018,60,2.6e-7,1.7e-7,3.6e-7
Female,white,2018,65,1.8e-7,1.1e-7,2.7e-7
Female,white,2018,70,1.2e-7,6e-8,2e-7
Female,white,2018,75,1.9e-7,1.1e-7,3e-7
Female,white,2018,80,2.4e-7,1.4e-7,3.7e-7
Female,white,2019,0,1e-8,0,6e-8
Female,white,2019,1,3e-8,0,6e-8
Female,white,2019,5,4e-8,1e-8,8e-8
Female,white,2019,10,4e-8,1e-8,8e-8
Female,white,2019,15,1.4e-7,8e-8,2.1e-7
Female,white,2019,20,3.7e-7,2.6e-7,5e-7
Female,white,2019,25,6.2e-7,4.7e-7,8e-7
Female,white,2019,30,7.1e-7,5.4e-7,9e-7
Female,white,2019,35,7.1e-7,5.5e-7,9e-7
Female,white,2019,40,7.9e-7,6.1e-7,1.01e-6
Female,white,2019,45,5.8e-7,4.3e-7,7.5e-7
Female,white,2019,50,5e-7,3.7e-7,6.5e-7
Female,white,2019,55,3.6e-7,2.5e-7,4.8e-7
Female,white,2019,60,2.4e-7,1.6e-7,3.4e-7
Female,white,2019,65,1.7e-7,1e-7,2.5e-7
Female,white,2019,70,1.1e-7,6e-8,1.9e-7
Female,white,2019,75,1.8e-7,1e-7,2.8e-7
Female,white,2019,80,2.2e-7,1.3e-7,3.4e-7
Female,white,2020,0,1e-8,0,6e-8
Female,white,2020,1,3e-8,0,6e-8
Female,white,2020,5,4e-8,1e-8,8e-8
Female,white,2020,10,4e-8,1e-8,8e-8
Female,white,2020,15,1.4e-7,8e-8,2.2e-7
Female,white,2020,20,3.8e-7,2.6e-7,5.1e-7
Female,white,2020,25,6.3e-7,4.8e-7,8.2e-7
Female,white,2020,30,7.2e-7,5.5e-7,9.2e-7
Female,white,2020,35,7.3e-7,5.6e-7,9.3e-7
Female,white,2020,40,8.1e-7,6.3e-7,1.03e-6
Female,white,2020,45,5.9e-7,4.4e-7,7.7e-7
Female,white,2020,50,5.1e-7,3.8e-7,6.7e-7
Female,white,2020,55,3.7e-7,2.6e-7,4.9e-7
Female,white,2020,60,2.4e-7,1.6e-7,3.5e-7
Female,white,2020,65,1.7e-7,1e-7,2.6e-7
Female,white,2020,70,1.2e-7,6e-8,1.9e-7
Female,white,2020,75,1.8e-7,1e-7,2.8e-7
Female,white,2020,80,2.2e-7,1.3e-7,3.5e-7
Female,white,2021,0,2e-8,0,6e-8
Female,white,2021,1,3e-8,0,7e-8
Female,white,2021,5,4e-8,1e-8,9e-8
Female,white,2021,10,4e-8,1e-8,8e-8
Female,white,2021,15,1.4e-7,8e-8,2.2e-7
Female,white,2021,20,3.9e-7,2.8e-7,5.3e-7
Female,white,2021,25,6.6e-7,5e-7,8.5e-7
Female,white,2021,30,7.5e-7,5.8e-7,9.6e-7
Female,white,2021,35,7.6e-7,5.9e-7,9.7e-7
Female,white,2021,40,8.5e-7,6.6e-7,1.07e-6
Female,white,2021,45,6.2e-7,4.6e-7,8e-7
Female,white,2021,50,5.4e-7,4e-7,7e-7
Female,white,2021,55,3.8e-7,2.7e-7,5.1e-7
Female,white,2021,60,2.5e-7,1.7e-7,3.6e-7
Female,white,2021,65,1.8e-7,1.1e-7,2.7e-7
Female,white,2021,70,1.2e-7,6e-8,2e-7
Female,white,2021,75,1.9e-7,1.1e-7,2.9e-7
Female,white,2021,80,2.3e-7,1.4e-7,3.7e-7
Female,white,2022,0,2e-8,0,6e-8
Female,white,2022,1,3e-8,1e-8,7e-8
Female,white,2022,5,4e-8,1e-8,9e-8
Female,white,2022,10,4e-8,1e-8,9e-8
Female,white,2022,15,1.5e-7,9e-8,2.3e-7
Female,white,2022,20,4.1e-7,2.9e-7,5.6e-7
Female,white,2022,25,6.9e-7,5.2e-7,8.9e-7
Female,white,2022,30,7.9e-7,6e-7,1e-6
Female,white,2022,35,7.9e-7,6.1e-7,1.01e-6
Female,white,2022,40,8.9e-7,6.9e-7,1.12e-6
Female,white,2022,45,6.5e-7,4.8e-7,8.4e-7
Female,white,2022,50,5.6e-7,4.2e-7,7.3e-7
Female,white,2022,55,4e-7,2.9e-7,5.4e-7
Female,white,2022,60,2.7e-7,1.8e-7,3.8e-7
Female,white,2022,65,1.8e-7,1.1e-7,2.8e-7
Female,white,2022,70,1.3e-7,7e-8,2.1e-7
Female,white,2022,75,2e-7,1.1e-7,3.1e-7
Female,white,2022,80,2.4e-7,1.4e-7,3.8e-7
Female,white,2023,0,2e-8,0,7e-8
Female,white,2023,1,3e-8,1e-8,7e-8
Female,white,2023,5,5e-8,2e-8,1e-7
Female,white,2023,10,5e-8,2e-8,9e-8
Female,white,2023,15,1.6e-7,1e-7,2.5e-7
Female,white,2023,20,4.4e-7,3.1e-7,6e-7
Female,white,2023,25,7.5e-7,5.7e-7,9.6e-7
Female,white,2023,30,8.5e-7,6.5e-7,1.08e-6
Female,white,2023,35,8.6e-7,6.6e-7,1.09e-6
Female,white,2023,40,9.6e-7,7.4e-7,1.21e-6
Female,white,2023,45,7e-7,5.3e-7,9.1e-7
Female,white,2023,50,6e-7,4.5e-7,7.9e-7
Female,white,2023,55,4.3e-7,3.1e-7,5.8e-7
Female,white,2023,60,2.9e-7,1.9e-7,4.1e-7
Female,white,2023,65,2e-7,1.2e-7,3e-7
Female,white,2023,70,1.4e-7,7e-8,2.2e-7
Female,white,2023,75,2.1e-7,1.2e-7,3.3e-7
Female,white,2023,80,2.6e-7,1.6e-7,4.1e-7
Male,aian,2013,0,0,0,3e-8
Male,aian,2013,1,5e-8,1e-8,1e-7
Male,aian,2013,5,4e-8,1e-8,8e-8
Male,aian,2013,10,7e-8,3e-8,1.4e-7
Male,aian,2013,15,1.87e-6,1.36e-6,2.46e-6
Male,aian,2013,20,9.51e-6,7.43e-6,1.168e-5
Male,aian,2013,25,1.532e-5,1.267e-5,1.844e-5
Male,aian,2013,30,1.629e-5,1.356e-5,1.961e-5
Male,aian,2013,35,1.701e-5,1.402e-5,2.03e-5
Male,aian,2013,40,1.209e-5,9.57e-6,1.463e-5
Male,aian,2013,45,9.94e-6,7.94e-6,1.21e-5
Male,aian,2013,50,6.89e-6,5.49e-6,8.46e-6
Male,aian,2013,55,4.83e-6,3.74e-6,6.02e-6
Male,aian,2013,60,4.14e-6,3.2e-6,5.24e-6
Male,aian,2013,65,2.54e-6,1.86e-6,3.34e-6
Male,aian,2013,70,1.95e-6,1.38e-6,2.6710000000000584e-6
Male,aian,2013,75,1.73e-6,1.22e-6,2.41e-6
Male,aian,2013,80,2.12e-6,1.45e-6,3.02e-6
Male,aian,2014,0,0,0,3e-8
Male,aian,2014,1,5e-8,1e-8,1e-7
Male,aian,2014,5,4e-8,1e-8,8e-8
Male,aian,2014,10,7e-8,3e-8,1.4e-7
Male,aian,2014,15,1.84e-6,1.33e-6,2.42e-6
Male,aian,2014,20,9.36e-6,7.31e-6,1.149e-5
Male,aian,2014,25,1.506e-5,1.247e-5,1.814e-5
Male,aian,2014,30,1.602e-5,1.335e-5,1.93e-5
Male,aian,2014,35,1.672e-5,1.38e-5,1.997e-5
Male,aian,2014,40,1.187e-5,9.42e-6,1.439e-5
Male,aian,2014,45,9.78e-6,7.8e-6,1.189e-5
Male,aian,2014,50,6.78e-6,5.4e-6,8.29e-6
Male,aian,2014,55,4.75e-6,3.69e-6,5.92e-6
Male,aian,2014,60,4.08e-6,3.15e-6,5.14e-6
Male,aian,2014,65,2.5e-6,1.83e-6,3.27e-6
Male,aian,2014,70,1.92e-6,1.36e-6,2.63e-6
Male,aian,2014,75,1.7e-6,1.2e-6,2.37e-6
Male,aian,2014,80,2.09e-6,1.42e-6,2.96e-6
Male,aian,2015,0,0,0,3e-8
Male,aian,2015,1,5e-8,1e-8,1e-7
Male,aian,2015,5,4e-8,1e-8,8e-8
Male,aian,2015,10,8e-8,3e-8,1.4e-7
Male,aian,2015,15,1.9e-6,1.38e-6,2.49e-6
Male,aian,2015,20,9.66e-6,7.54e-6,1.185e-5
Male,aian,2015,25,1.555e-5,1.287e-5,1.87e-5
Male,aian,2015,30,1.651e-5,1.377e-5,1.987e-5
Male,aian,2015,35,1.725e-5,1.424e-5,2.055e-5
Male,aian,2015,40,1.227e-5,9.73e-6,1.482e-5
Male,aian,2015,45,1.009e-5,8.04e-6,1.225e-5
Male,aian,2015,50,6.98e-6,5.57e-6,8.55e-6
Male,aian,2015,55,4.89e-6,3.8e-6,6.1e-6
Male,aian,2015,60,4.2e-6,3.25e-6,5.3e-6
Male,aian,2015,65,2.57e-6,1.88e-6,3.38e-6
Male,aian,2015,70,1.98e-6,1.4e-6,2.71e-6
Male,aian,2015,75,1.75e-6,1.24e-6,2.44e-6
Male,aian,2015,80,2.15e-6,1.47e-6,3.05e-6
Male,aian,2016,0,0,0,3e-8
Male,aian,2016,1,5e-8,1e-8,1e-7
Male,aian,2016,5,4e-8,1e-8,8e-8
Male,aian,2016,10,7e-8,3e-8,1.4e-7
Male,aian,2016,15,1.88e-6,1.36e-6,2.46e-6
Male,aian,2016,20,9.53e-6,7.43e-6,1.169e-5
Male,aian,2016,25,1.533e-5,1.271e-5,1.843e-5
Male,aian,2016,30,1.631e-5,1.36e-5,1.963e-5
Male,aian,2016,35,1.703e-5,1.407e-5,2.028e-5
Male,aian,2016,40,1.209e-5,9.6e-6,1.464e-5
Male,aian,2016,45,9.95e-6,7.96e-6,1.211e-5
Male,aian,2016,50,6.89e-6,5.5e-6,8.45e-6
Male,aian,2016,55,4.83e-6,3.75e-6,6.03e-6
Male,aian,2016,60,4.15e-6,3.21e-6,5.23e-6
Male,aian,2016,65,2.54e-6,1.86e-6,3.34e-6
Male,aian,2016,70,1.95e-6,1.39e-6,2.67e-6
Male,aian,2016,75,1.74e-6,1.22e-6,2.41e-6
Male,aian,2016,80,2.12e-6,1.45e-6,3.02e-6
Male,aian,2017,0,0,0,3e-8
Male,aian,2017,1,5e-8,1e-8,1e-7
Male,aian,2017,5,4e-8,1e-8,8e-8
Male,aian,2017,10,8e-8,3e-8,1.4e-7
Male,aian,2017,15,1.94e-6,1.4e-6,2.54e-6
Male,aian,2017,20,9.84e-6,7.7e-6,1.207e-5
Male,aian,2017,25,1.581e-5,1.313e-5,1.906e-5
Male,aian,2017,30,1.681e-5,1.404e-5,2.027e-5
Male,aian,2017,35,1.757e-5,1.453e-5,2.094e-5
Male,aian,2017,40,1.249e-5,9.92e-6,1.51e-5
Male,aian,2017,45,1.027e-5,8.21e-6,1.249e-5
Male,aian,2017,50,7.12e-6,5.68e-6,8.73e-6
Male,aian,2017,55,4.98e-6,3.88e-6,6.21e-6
Male,aian,2017,60,4.28e-6,3.31e-6,5.39e-6
Male,aian,2017,65,2.62e-6,1.92e-6,3.44e-6
Male,aian,2017,70,2.02e-6,1.43e-6,2.76e-6
Male,aian,2017,75,1.79e-6,1.26e-6,2.48e-6
Male,aian,2017,80,2.19e-6,1.5e-6,3.11e-6
Male,aian,2018,0,0,0,3e-8
Male,aian,2018,1,5e-8,2e-8,1.1e-7
Male,aian,2018,5,4e-8,1e-8,9e-8
Male,aian,2018,10,8e-8,3e-8,1.5e-7
Male,aian,2018,15,2e-6,1.45e-6,2.62e-6
Male,aian,2018,20,1.017e-5,7.94e-6,1.246e-5
Male,aian,2018,25,1.635e-5,1.357e-5,1.968e-5
Male,aian,2018,30,1.738e-5,1.452e-5,2.096e-5
Male,aian,2018,35,1.817e-5,1.503e-5,2.164e-5
Male,aian,2018,40,1.291e-5,1.025e-5,1.56e-5
Male,aian,2018,45,1.061e-5,8.48e-6,1.289e-5
Male,aian,2018,50,7.36e-6,5.87e-6,9.01e-6
Male,aian,2018,55,5.15e-6,4.01e-6,6.42e-6
Male,aian,2018,60,4.42e-6,3.43e-6,5.58e-6
Male,aian,2018,65,2.7e-6,1.99e-6,3.55e-6
Male,aian,2018,70,2.09e-6,1.48e-6,2.85e-6
Male,aian,2018,75,1.85e-6,1.3e-6,2.56e-6
Male,aian,2018,80,2.27e-6,1.55e-6,3.21e-6
Male,aian,2019,0,0,0,3e-8
Male,aian,2019,1,5e-8,1e-8,1e-7
Male,aian,2019,5,4e-8,1e-8,8e-8
Male,aian,2019,10,8e-8,3e-8,1.4e-7
Male,aian,2019,15,1.92e-6,1.39e-6,2.51e-6
Male,aian,2019,20,9.74e-6,7.6e-6,1.194e-5
Male,aian,2019,25,1.566e-5,1.298e-5,1.883e-5
Male,aian,2019,30,1.665e-5,1.387e-5,2.004e-5
Male,aian,2019,35,1.739e-5,1.438e-5,2.071e-5
Male,aian,2019,40,1.236e-5,9.81e-6,1.492e-5
Male,aian,2019,45,1.015e-5,8.13e-6,1.234e-5
Male,aian,2019,50,7.05e-6,5.62e-6,8.62e-6
Male,aian,2019,55,4.93e-6,3.83e-6,6.14e-6
Male,aian,2019,60,4.24e-6,3.28e-6,5.35e-6
Male,aian,2019,65,2.59e-6,1.9e-6,3.41e-6
Male,aian,2019,70,2e-6,1.42e-6,2.73e-6
Male,aian,2019,75,1.77e-6,1.25e-6,2.46e-6
Male,aian,2019,80,2.17e-6,1.48e-6,3.08e-6
Male,aian,2020,0,0,0,3e-8
Male,aian,2020,1,5e-8,2e-8,1.1e-7
Male,aian,2020,5,4e-8,1e-8,8e-8
Male,aian,2020,10,8e-8,3e-8,1.4e-7
Male,aian,2020,15,1.97e-6,1.43e-6,2.58e-6
Male,aian,2020,20,9.98e-6,7.78e-6,1.225e-5
Male,aian,2020,25,1.605e-5,1.332e-5,1.93e-5
Male,aian,2020,30,1.708e-5,1.425e-5,2.055e-5
Male,aian,2020,35,1.785e-5,1.475e-5,2.123e-5
Male,aian,2020,40,1.268e-5,1.006e-5,1.53e-5
Male,aian,2020,45,1.043e-5,8.32e-6,1.269e-5
Male,aian,2020,50,7.23e-6,5.76e-6,8.84e-6
Male,aian,2020,55,5.06e-6,3.93e-6,6.31e-6
Male,aian,2020,60,4.35e-6,3.36e-6,5.48e-6
Male,aian,2020,65,2.66e-6,1.95e-6,3.49e-6
Male,aian,2020,70,2.05e-6,1.45e-6,2.8e-6
Male,aian,2020,75,1.82e-6,1.28e-6,2.52e-6
Male,aian,2020,80,2.23e-6,1.52e-6,3.15e-6
Male,aian,2021,0,0,0,3e-8
Male,aian,2021,1,5e-8,2e-8,1.1e-7
Male,aian,2021,5,4e-8,1e-8,8e-8
Male,aian,2021,10,8e-8,3e-8,1.4e-7
Male,aian,2021,15,1.97e-6,1.43e-6,2.58e-6
Male,aian,2021,20,9.99e-6,7.82e-6,1.225e-5
Male,aian,2021,25,1.609e-5,1.334e-5,1.931e-5
Male,aian,2021,30,1.711e-5,1.427e-5,2.056e-5
Male,aian,2021,35,1.786e-5,1.479e-5,2.127e-5
Male,aian,2021,40,1.271e-5,1.008e-5,1.532e-5
Male,aian,2021,45,1.044e-5,8.358999999999979e-6,1.267e-5
Male,aian,2021,50,7.24e-6,5.77e-6,8.86e-6
Male,aian,2021,55,5.06e-6,3.94e-6,6.3e-6
Male,aian,2021,60,4.35e-6,3.37e-6,5.48e-6
Male,aian,2021,65,2.66e-6,1.96e-6,3.5e-6
Male,aian,2021,70,2.05e-6,1.46e-6,2.8e-6
Male,aian,2021,75,1.82e-6,1.28e-6,2.52e-6
Male,aian,2021,80,2.23e-6,1.52e-6,3.16e-6
Male,aian,2022,0,0,0,3e-8
Male,aian,2022,1,5e-8,2e-8,1.1e-7
Male,aian,2022,5,4e-8,1e-8,9e-8
Male,aian,2022,10,8e-8,4e-8,1.5e-7
Male,aian,2022,15,2.06e-6,1.49e-6,2.7e-6
Male,aian,2022,20,1.045e-5,8.16e-6,1.286e-5
Male,aian,2022,25,1.682e-5,1.392e-5,2.026e-5
Male,aian,2022,30,1.787e-5,1.49e-5,2.157e-5
Male,aian,2022,35,1.868e-5,1.541e-5,2.227e-5
Male,aian,2022,40,1.327e-5,1.051e-5,1.605e-5
Male,aian,2022,45,1.091e-5,8.72e-6,1.328e-5
Male,aian,2022,50,7.57e-6,6.04e-6,9.26e-6
Male,aian,2022,55,5.3e-6,4.11e-6,6.61e-6
Male,aian,2022,60,4.55e-6,3.52e-6,5.74e-6
Male,aian,2022,65,2.78e-6,2.04e-6,3.66e-6
Male,aian,2022,70,2.15e-6,1.53e-6,2.93e-6
Male,aian,2022,75,1.9e-6,1.34e-6,2.64e-6
Male,aian,2022,80,2.33e-6,1.59e-6,3.3e-6
Male,aian,2023,0,0,0,3e-8
Male,aian,2023,1,5e-8,2e-8,1.2e-7
Male,aian,2023,5,4e-8,1e-8,9e-8
Male,aian,2023,10,9e-8,4e-8,1.6e-7
Male,aian,2023,15,2.17e-6,1.58e-6,2.85e-6
Male,aian,2023,20,1.104e-5,8.58e-6,1.362e-5
Male,aian,2023,25,1.775e-5,1.464e-5,2.143e-5
Male,aian,2023,30,1.886e-5,1.565e-5,2.285e-5
Male,aian,2023,35,1.973e-5,1.621e-5,2.36e-5
Male,aian,2023,40,1.4e-5,1.107e-5,1.699e-5
Male,aian,2023,45,1.151e-5,9.17e-6,1.407e-5
Male,aian,2023,50,7.99e-6,6.35e-6,9.8199999999999992e-06
Male,aian,2023,55,5.59e-6,4.33e-6,7.01e-6
Male,aian,2023,60,4.8e-6,3.7e-6,6.08e-6
Male,aian,2023,65,2.94e-6,2.16e-6,3.87e-6
Male,aian,2023,70,2.26e-6,1.61e-6,3.1e-6
Male,aian,2023,75,2.01e-6,1.41e-6,2.79e-6
Male,aian,2023,80,2.46e-6,1.68e-6,3.49e-6
Male,api,2013,0,0,0,3e-8
Male,api,2013,1,3e-8,1e-8,9e-8
Male,api,2013,5,3e-8,1e-8,8e-8
Male,api,2013,10,5e-8,1e-8,1.2e-7
Male,api,2013,15,6.9e-7,3.9e-7,1.14e-6
Male,api,2013,20,2.84e-6,2.02e-6,3.94e-6
Male,api,2013,25,3.71e-6,2.73e-6,4.99e-6
Male,api,2013,30,4.9e-6,3.68e-6,6.46e-6
Male,api,2013,35,4.44e-6,3.29e-6,5.89e-6
Male,api,2013,40,3.95e-6,2.9e-6,5.3e-6
Male,api,2013,45,3.22e-6,2.3e-6,4.41e-6
Male,api,2013,50,2.78e-6,1.94e-6,3.92e-6
Male,api,2013,55,1.94e-6,1.29e-6,2.86e-6
Male,api,2013,60,1.71e-6,1.1e-6,2.59e-6
Male,api,2013,65,9.2e-7,5e-7,1.56e-6
Male,api,2013,70,5.4e-7,2.3e-7,1.02e-6
Male,api,2013,75,7e-7,3.6e-7,1.24e-6
Male,api,2013,80,7.9e-7,3.7e-7,1.44e-6
Male,api,2014,0,0,0,3e-8
Male,api,2014,1,3e-8,1e-8,9e-8
Male,api,2014,5,3e-8,1e-8,8e-8
Male,api,2014,10,5e-8,1e-8,1.1e-7
Male,api,2014,15,6.8e-7,3.9e-7,1.12e-6
Male,api,2014,20,2.81e-6,2e-6,3.85e-6
Male,api,2014,25,3.67e-6,2.7e-6,4.9e-6
Male,api,2014,30,4.83e-6,3.63e-6,6.36e-6
Male,api,2014,35,4.37e-6,3.27e-6,5.78e-6
Male,api,2014,40,3.9e-6,2.88e-6,5.2e-6
Male,api,2014,45,3.18e-6,2.29e-6,4.32e-6
Male,api,2014,50,2.75e-6,1.93e-6,3.84e-6
Male,api,2014,55,1.92e-6,1.28e-6,2.8e-6
Male,api,2014,60,1.69e-6,1.09e-6,2.54e-6
Male,api,2014,65,9.1e-7,5e-7,1.52e-6
Male,api,2014,70,5.3e-7,2.3e-7,1e-6
Male,api,2014,75,6.9e-7,3.5e-7,1.22e-6
Male,api,2014,80,7.8e-7,3.7e-7,1.42e-6
Male,api,2015,0,0,0,4e-8
Male,api,2015,1,4e-8,1e-8,1.1e-7
Male,api,2015,5,4e-8,1e-8,1e-7
Male,api,2015,10,6e-8,2e-8,1.4e-7
Male,api,2015,15,8.4e-7,4.8e-7,1.38e-6
Male,api,2015,20,3.44e-6,2.46e-6,4.81e-6
Male,api,2015,25,4.49e-6,3.3e-6,6.14e-6
Male,api,2015,30,5.92e-6,4.47e-6,7.93e-6
Male,api,2015,35,5.36e-6,3.99e-6,7.25e-6
Male,api,2015,40,4.78e-6,3.53e-6,6.49e-6
Male,api,2015,45,3.89e-6,2.81e-6,5.4e-6
Male,api,2015,50,3.38e-6,2.38e-6,4.77e-6
Male,api,2015,55,2.36e-6,1.58e-6,3.47e-6
Male,api,2015,60,2.08e-6,1.34e-6,3.16e-6
Male,api,2015,65,1.12e-6,6.2e-7,1.88e-6
Male,api,2015,70,6.6e-7,2.8e-7,1.24e-6
Male,api,2015,75,8.5e-7,4.4e-7,1.5e-6
Male,api,2015,80,9.6e-7,4.5e-7,1.75e-6
Male,api,2016,0,0,0,3e-8
Male,api,2016,1,3e-8,1e-8,9e-8
Male,api,2016,5,3e-8,1e-8,8e-8
Male,api,2016,10,5e-8,1e-8,1.1e-7
Male,api,2016,15,6.6e-7,3.7e-7,1.09e-6
Male,api,2016,20,2.73e-6,1.94e-6,3.76e-6
Male,api,2016,25,3.57e-6,2.61e-6,4.76e-6
Male,api,2016,30,4.71e-6,3.53e-6,6.17e-6
Male,api,2016,35,4.26e-6,3.15e-6,5.64e-6
Male,api,2016,40,3.79e-6,2.77e-6,5.07e-6
Male,api,2016,45,3.09e-6,2.22e-6,4.19e-6
Male,api,2016,50,2.67e-6,1.88e-6,3.72e-6
Male,api,2016,55,1.87e-6,1.25e-6,2.72e-6
Male,api,2016,60,1.64e-6,1.06e-6,2.47e-6
Male,api,2016,65,8.9e-7,4.8e-7,1.47e-6
Male,api,2016,70,5.2e-7,2.2e-7,9.7e-7
Male,api,2016,75,6.7e-7,3.4e-7,1.19e-6
Male,api,2016,80,7.6e-7,3.6e-7,1.38e-6
Male,api,2017,0,0,0,3e-8
Male,api,2017,1,3e-8,1e-8,8e-8
Male,api,2017,5,3e-8,0,7e-8
Male,api,2017,10,5e-8,1e-8,1.1e-7
Male,api,2017,15,6.3e-7,3.5e-7,1.04e-6
Male,api,2017,20,2.6e-6,1.82e-6,3.61e-6
Male,api,2017,25,3.4e-6,2.46e-6,4.56e-6
Male,api,2017,30,4.5e-6,3.31e-6,5.93e-6
Male,api,2017,35,4.07e-6,2.96e-6,5.39e-6
Male,api,2017,40,3.62e-6,2.61e-6,4.87e-6
Male,api,2017,45,2.95e-6,2.09e-6,4.03e-6
Male,api,2017,50,2.55e-6,1.76e-6,3.56e-6
Male,api,2017,55,1.78e-6,1.17e-6,2.61e-6
Male,api,2017,60,1.57e-6,1e-6,2.36e-6
Male,api,2017,65,8.4e-7,4.6e-7,1.42e-6
Male,api,2017,70,4.9e-7,2.1e-7,9.2e-7
Male,api,2017,75,6.4e-7,3.2e-7,1.13e-6
Male,api,2017,80,7.2e-7,3.4e-7,1.32e-6
Male,api,2018,0,0,0,4e-8
Male,api,2018,1,4e-8,1e-8,1e-7
Male,api,2018,5,4e-8,1e-8,9e-8
Male,api,2018,10,6e-8,2e-8,1.2e-7
Male,api,2018,15,7.5e-7,4.3e-7,1.23e-6
Male,api,2018,20,3.09e-6,2.22e-6,4.24e-6
Male,api,2018,25,4.04e-6,2.99e-6,5.38e-6
Male,api,2018,30,5.32e-6,4.03e-6,6.97e-6
Male,api,2018,35,4.81e-6,3.62e-6,6.37e-6
Male,api,2018,40,4.28e-6,3.18e-6,5.73e-6
Male,api,2018,45,3.49e-6,2.54e-6,4.75e-6
Male,api,2018,50,3.03e-6,2.15e-6,4.19e-6
Male,api,2018,55,2.11e-6,1.43e-6,3.05e-6
Male,api,2018,60,1.86e-6,1.21e-6,2.79e-6
Male,api,2018,65,1e-6,5.5e-7,1.66e-6
Male,api,2018,70,5.9e-7,2.5e-7,1.1e-6
Male,api,2018,75,7.6e-7,3.9e-7,1.34e-6
Male,api,2018,80,8.6e-7,4.1e-7,1.55e-6
Male,api,2019,0,0,0,4e-8
Male,api,2019,1,4e-8,1e-8,1e-7
Male,api,2019,5,4e-8,1e-8,9e-8
Male,api,2019,10,6e-8,2e-8,1.3e-7
Male,api,2019,15,7.7e-7,4.4e-7,1.25e-6
Male,api,2019,20,3.15e-6,2.26e-6,4.35e-6
Male,api,2019,25,4.11e-6,3.05e-6,5.52e-6
Male,api,2019,30,5.41e-6,4.12e-6,7.12e-6
Male,api,2019,35,4.9e-6,3.69e-6,6.5e-6
Male,api,2019,40,4.37e-6,3.25e-6,5.86e-6
Male,api,2019,45,3.56e-6,2.59e-6,4.84e-6
Male,api,2019,50,3.08e-6,2.19e-6,4.3e-6
Male,api,2019,55,2.15e-6,1.45e-6,3.13e-6
Male,api,2019,60,1.89e-6,1.23e-6,2.86e-6
Male,api,2019,65,1.02e-6,5.6e-7,1.7e-6
Male,api,2019,70,6e-7,2.6e-7,1.12e-6
Male,api,2019,75,7.8e-7,4e-7,1.37e-6
Male,api,2019,80,8.8e-7,4.1e-7,1.59e-6
Male,api,2020,0,0,0,3e-8
Male,api,2020,1,4e-8,1e-8,9e-8
Male,api,2020,5,3e-8,1e-8,8e-8
Male,api,2020,10,5e-8,1e-8,1.2e-7
Male,api,2020,15,7e-7,4e-7,1.15e-6
Male,api,2020,20,2.9e-6,2.06e-6,3.98e-6
Male,api,2020,25,3.79e-6,2.78e-6,5.04e-6
Male,api,2020,30,4.99e-6,3.75e-6,6.53e-6
Male,api,2020,35,4.52e-6,3.36e-6,5.95e-6
Male,api,2020,40,4.02e-6,2.96e-6,5.35e-6
Male,api,2020,45,3.27e-6,2.36e-6,4.46e-6
Male,api,2020,50,2.83e-6,2e-6,3.94e-6
Male,api,2020,55,1.97e-6,1.32e-6,2.89e-6
Male,api,2020,60,1.74e-6,1.12e-6,2.64e-6
Male,api,2020,65,9.4e-7,5.1e-7,1.58e-6
Male,api,2020,70,5.5e-7,2.3e-7,1.03e-6
Male,api,2020,75,7.1e-7,3.6e-7,1.26e-6
Male,api,2020,80,8e-7,3.8e-7,1.47e-6
Male,api,2021,0,0,0,3e-8
Male,api,2021,1,3e-8,1e-8,8e-8
Male,api,2021,5,3e-8,1e-8,8e-8
Male,api,2021,10,5e-8,1e-8,1.1e-7
Male,api,2021,15,6.4e-7,3.6e-7,1.06e-6
Male,api,2021,20,2.66e-6,1.85e-6,3.68e-6
Male,api,2021,25,3.48e-6,2.5e-6,4.65e-6
Male,api,2021,30,4.58e-6,3.38e-6,6.03e-6
Male,api,2021,35,4.15e-6,3.02e-6,5.52e-6
Male,api,2021,40,3.69e-6,2.66e-6,4.96e-6
Male,api,2021,45,3.01e-6,2.13e-6,4.11e-6
Male,api,2021,50,2.6e-6,1.8e-6,3.65e-6
Male,api,2021,55,1.81e-6,1.2e-6,2.65e-6
Male,api,2021,60,1.6e-6,1.02e-6,2.41e-6
Male,api,2021,65,8.6e-7,4.7e-7,1.44e-6
Male,api,2021,70,5e-7,2.1e-7,9.4e-7
Male,api,2021,75,6.5e-7,3.3e-7,1.15e-6
Male,api,2021,80,7.4e-7,3.4e-7,1.35e-6
Male,api,2022,0,0,0,3e-8
Male,api,2022,1,3e-8,1e-8,9e-8
Male,api,2022,5,3e-8,1e-8,8e-8
Male,api,2022,10,5e-8,1e-8,1.1e-7
Male,api,2022,15,6.5e-7,3.7e-7,1.08e-6
Male,api,2022,20,2.7e-6,1.87e-6,3.75e-6
Male,api,2022,25,3.53e-6,2.51e-6,4.75e-6
Male,api,2022,30,4.66e-6,3.39e-6,6.16e-6
Male,api,2022,35,4.21e-6,3.04e-6,5.61e-6
Male,api,2022,40,3.75e-6,2.66e-6,5.07e-6
Male,api,2022,45,3.05e-6,2.14e-6,4.18e-6
Male,api,2022,50,2.65e-6,1.81e-6,3.7e-6
Male,api,2022,55,1.84e-6,1.2e-6,2.7e-6
Male,api,2022,60,1.62e-6,1.03e-6,2.45e-6
Male,api,2022,65,8.7e-7,4.7e-7,1.46e-6
Male,api,2022,70,5.1e-7,2.2e-7,9.5e-7
Male,api,2022,75,6.6e-7,3.3e-7,1.17e-6
Male,api,2022,80,7.4e-7,3.5e-7,1.37e-6
Male,api,2023,0,0,0,4e-8
Male,api,2023,1,4e-8,1e-8,1e-7
Male,api,2023,5,4e-8,1e-8,9e-8
Male,api,2023,10,6e-8,2e-8,1.3e-7
Male,api,2023,15,7.6e-7,4.3e-7,1.25e-6
Male,api,2023,20,3.11e-6,2.19e-6,4.3e-6
Male,api,2023,25,4.07e-6,2.95e-6,5.46e-6
Male,api,2023,30,5.36e-6,3.988999999999978e-6,7.07e-6
Male,api,2023,35,4.84e-6,3.58e-6,6.45e-6
Male,api,2023,40,4.32e-6,3.14e-6,5.83e-6
Male,api,2023,45,3.51e-6,2.53e-6,4.78e-6
Male,api,2023,50,3.04e-6,2.14e-6,4.24e-6
Male,api,2023,55,2.13e-6,1.43e-6,3.09e-6
Male,api,2023,60,1.87e-6,1.21e-6,2.81e-6
Male,api,2023,65,1.01e-6,5.5e-7,1.67e-6
Male,api,2023,70,5.9e-7,2.5e-7,1.1e-6
Male,api,2023,75,7.7e-7,3.9e-7,1.35e-6
Male,api,2023,80,8.6e-7,4.1e-7,1.57e-6
Male,black,2013,0,0,0,3e-8
Male,black,2013,1,6e-8,2e-8,1.4e-7
Male,black,2013,5,4e-8,1e-8,9e-8
Male,black,2013,10,1e-7,4e-8,2e-7
Male,black,2013,15,5.32e-6,4.37e-6,6.42e-6
Male,black,2013,20,2.819e-5,2.445e-5,3.237e-5
Male,black,2013,25,3.357e-5,2.916e-5,3.85e-5
Male,black,2013,30,3.593e-5,3.113e-5,4.134e-5
Male,black,2013,35,3.264e-5,2.828e-5,3.754e-5
Male,black,2013,40,2.443e-5,2.105e-5,2.825e-5
Male,black,2013,45,1.753e-5,1.495e-5,2.046e-5
Male,black,2013,50,1.183e-5,9.96e-6,1.396e-5
Male,black,2013,55,7.21e-6,5.94e-6,8.69e-6
Male,black,2013,60,6.65e-6,5.41e-6,8.11e-6
Male,black,2013,65,4.09e-6,3.12e-6,5.29e-6
Male,black,2013,70,3.19e-6,2.28e-6,4.33e-6
Male,black,2013,75,2.51e-6,1.65e-6,3.68e-6
Male,black,2013,80,3.11e-6,1.93e-6,4.77e-6
Male,black,2014,0,0,0,3e-8
Male,black,2014,1,5e-8,1e-8,1.3e-7
Male,black,2014,5,3e-8,1e-8,8e-8
Male,black,2014,10,9e-8,3e-8,1.8e-7
Male,black,2014,15,4.76e-6,3.92e-6,5.73e-6
Male,black,2014,20,2.526e-5,2.196e-5,2.888e-5
Male,black,2014,25,3.008e-5,2.621e-5,3.434e-5
Male,black,2014,30,3.221e-5,2.802e-5,3.683e-5
Male,black,2014,35,2.925e-5,2.537e-5,3.353e-5
Male,black,2014,40,2.1905e-5,1.892e-5,2.523e-5
Male,black,2014,45,1.571e-5,1.3458999999999977e-5,1.827e-5
Male,black,2014,50,1.061e-5,8.96e-6,1.246e-5
Male,black,2014,55,6.47e-6,5.34e-6,7.77e-6
Male,black,2014,60,5.97e-6,4.86e-6,7.26e-6
Male,black,2014,65,3.67e-6,2.8e-6,4.72e-6
Male,black,2014,70,2.86e-6,2.04e-6,3.89e-6
Male,black,2014,75,2.24e-6,1.47e-6,3.29e-6
Male,black,2014,80,2.79e-6,1.72e-6,4.29e-6
Male,black,2015,0,0,0,3e-8
Male,black,2015,1,6e-8,2e-8,1.3e-7
Male,black,2015,5,3e-8,1e-8,8e-8
Male,black,2015,10,9e-8,3e-8,1.8e-7
Male,black,2015,15,4.87e-6,4.01e-6,5.86e-6
Male,black,2015,20,2.585e-5,2.243e-5,2.957e-5
Male,black,2015,25,3.075e-5,2.68e-5,3.51e-5
Male,black,2015,30,3.293e-5,2.866e-5,3.761e-5
Male,black,2015,35,2.991e-5,2.595899999999998e-5,3.427e-5
Male,black,2015,40,2.239e-5,1.934e-5,2.577100000000006e-5
Male,black,2015,45,1.607e-5,1.376e-5,1.866e-5
Male,black,2015,50,1.084e-5,9.18e-6,1.273e-5
Male,black,2015,55,6.61e-6,5.46e-6,7.93e-6
Male,black,2015,60,6.1e-6,4.97e-6,7.41e-6
Male,black,2015,65,3.75e-6,2.86e-6,4.8210000000000585e-6
Male,black,2015,70,2.92e-6,2.09e-6,3.97e-6
Male,black,2015,75,2.3e-6,1.51e-6,3.36e-6
Male,black,2015,80,2.85e-6,1.76e-6,4.37e-6
Male,black,2016,0,0,0,3e-8
Male,black,2016,1,5e-8,1e-8,1.3e-7
Male,black,2016,5,3e-8,1e-8,8e-8
Male,black,2016,10,8e-8,3e-8,1.7e-7
Male,black,2016,15,4.6e-6,3.79e-6,5.55e-6
Male,black,2016,20,2.444e-5,2.119e-5,2.801e-5
Male,black,2016,25,2.908e-5,2.529e-5,3.329e-5
Male,black,2016,30,3.114e-5,2.704e-5,3.563e-5
Male,black,2016,35,2.828e-5,2.451e-5,3.246e-5
Male,black,2016,40,2.117e-5,1.825e-5,2.442e-5
Male,black,2016,45,1.52e-5,1.3e-5,1.766e-5
Male,black,2016,50,1.025e-5,8.64e-6,1.207e-5
Male,black,2016,55,6.25e-6,5.15e-6,7.52e-6
Male,black,2016,60,5.77e-6,4.69e-6,7.03e-6
Male,black,2016,65,3.55e-6,2.7e-6,4.57e-6
Male,black,2016,70,2.76e-6,1.97e-6,3.76e-6
Male,black,2016,75,2.17e-6,1.43e-6,3.19e-6
Male,black,2016,80,2.69e-6,1.66e-6,4.14e-6
Male,black,2017,0,0,0,3e-8
Male,black,2017,1,5e-8,1e-8,1.3e-7
Male,black,2017,5,3e-8,1e-8,8e-8
Male,black,2017,10,9e-8,3e-8,1.8e-7
Male,black,2017,15,4.68e-6,3.85e-6,5.65e-6
Male,black,2017,20,2.482e-5,2.153e-5,2.852e-5
Male,black,2017,25,2.953e-5,2.573e-5,3.381e-5
Male,black,2017,30,3.162e-5,2.748e-5,3.627e-5
Male,black,2017,35,2.872e-5,2.49e-5,3.302e-5
Male,black,2017,40,2.151e-5,1.856e-5,2.485e-5
Male,black,2017,45,1.543e-5,1.32e-5,1.797e-5
Male,black,2017,50,1.042e-5,8.79e-6,1.227e-5
Male,black,2017,55,6.36e-6,5.23e-6,7.65e-6
Male,black,2017,60,5.86e-6,4.77e-6,7.13e-6
Male,black,2017,65,3.6e-6,2.75e-6,4.64e-6
Male,black,2017,70,2.81e-6,2e-6,3.82e-6
Male,black,2017,75,2.21e-6,1.45e-6,3.24e-6
Male,black,2017,80,2.73e-6,1.69e-6,4.21e-6
Male,black,2018,0,0,0,3e-8
Male,black,2018,1,6e-8,2e-8,1.3e-7
Male,black,2018,5,3e-8,1e-8,8e-8
Male,black,2018,10,9e-8,4e-8,1.8e-7
Male,black,2018,15,4.92e-6,4.05e-6,5.92e-6
Male,black,2018,20,2.61e-5,2.267e-5,2.989e-5
Male,black,2018,25,3.104e-5,2.706e-5,3.556e-5
Male,black,2018,30,3.324e-5,2.893e-5,3.809e-5
Male,black,2018,35,3.018e-5,2.621e-5,3.462e-5
Male,black,2018,40,2.26e-5,1.9518999999999977e-5,2.606e-5
Male,black,2018,45,1.621e-5,1.387e-5,1.886e-5
Male,black,2018,50,1.095e-5,9.26e-6,1.288e-5
Male,black,2018,55,6.67e-6,5.52e-6,8.01e-6
Male,black,2018,60,6.16e-6,5.01e-6,7.49e-6
Male,black,2018,65,3.79e-6,2.89e-6,4.88e-6
Male,black,2018,70,2.95e-6,2.11e-6,4.01e-6
Male,black,2018,75,2.32e-6,1.53e-6,3.4e-6
Male,black,2018,80,2.87e-6,1.78e-6,4.42e-6
Male,black,2019,0,0,0,3e-8
Male,black,2019,1,6e-8,2e-8,1.4e-7
Male,black,2019,5,3e-8,1e-8,9e-8
Male,black,2019,10,9e-8,4e-8,1.9e-7
Male,black,2019,15,5.01e-6,4.13e-6,6.02e-6
Male,black,2019,20,2.655e-5,2.312e-5,3.039e-5
Male,black,2019,25,3.162e-5,2.762e-5,3.61e-5
Male,black,2019,30,3.385e-5,2.953e-5,3.868e-5
Male,black,2019,35,3.075e-5,2.675e-5,3.526e-5
Male,black,2019,40,2.303e-5,1.99e-5,2.655e-5
Male,black,2019,45,1.65e-5,1.416e-5,1.918e-5
Male,black,2019,50,1.114e-5,9.45e-6,1.311e-5
Male,black,2019,55,6.8e-6,5.62e-6,8.15e-6
Male,black,2019,60,6.27e-6,5.11e-6,7.62e-6
Male,black,2019,65,3.86e-6,2.94e-6,4.97e-6
Male,black,2019,70,3e-6,2.15e-6,4.08e-6
Male,black,2019,75,2.36e-6,1.55e-6,3.46e-6
Male,black,2019,80,2.93e-6,1.82e-6,4.5e-6
Male,black,2020,0,0,0,3e-8
Male,black,2020,1,6e-8,2e-8,1.4e-7
Male,black,2020,5,3e-8,1e-8,9e-8
Male,black,2020,10,9e-8,4e-8,1.9e-7
Male,black,2020,15,5.07e-6,4.18e-6,6.09e-6
Male,black,2020,20,2.688e-5,2.338e-5,3.073e-5
Male,black,2020,25,3.198e-5,2.793e-5,3.652e-5
Male,black,2020,30,3.426e-5,2.987e-5,3.918e-5
Male,black,2020,35,3.111e-5,2.707e-5,3.566e-5
Male,black,2020,40,2.33e-5,2.012e-5,2.681e-5
Male,black,2020,45,1.671e-5,1.432e-5,1.941e-5
Male,black,2020,50,1.128e-5,9.53e-6,1.328e-5
Male,black,2020,55,6.88e-6,5.69e-6,8.26e-6
Male,black,2020,60,6.34e-6,5.17e-6,7.71e-6
Male,black,2020,65,3.9e-6,2.98e-6,5.03e-6
Male,black,2020,70,3.04e-6,2.18e-6,4.13e-6
Male,black,2020,75,2.39e-6,1.57e-6,3.49e-6
Male,black,2020,80,2.96e-6,1.84e-6,4.55e-6
Male,black,2021,0,0,0,3e-8
Male,black,2021,1,6e-8,2e-8,1.4e-7
Male,black,2021,5,4e-8,1e-8,9e-8
Male,black,2021,10,1e-7,4e-8,1.9e-7
Male,black,2021,15,5.17e-6,4.27e-6,6.22e-6
Male,black,2021,20,2.741e-5,2.385e-5,3.133e-5
Male,black,2021,25,3.26e-5,2.847e-5,3.725e-5
Male,black,2021,30,3.494e-5,3.049e-5,3.988e-5
Male,black,2021,35,3.171e-5,2.759e-5,3.631e-5
Male,black,2021,40,2.377e-5,2.056e-5,2.732e-5
Male,black,2021,45,1.705e-5,1.461e-5,1.979e-5
Male,black,2021,50,1.15e-5,9.73e-6,1.351e-5
Male,black,2021,55,7.02e-6,5.8e-6,8.4e-6
Male,black,2021,60,6.47e-6,5.29e-6,7.84e-6
Male,black,2021,65,3.98e-6,3.04e-6,5.12e-6
Male,black,2021,70,3.1e-6,2.22e-6,4.2e-6
Male,black,2021,75,2.44e-6,1.61e-6,3.57e-6
Male,black,2021,80,3.02e-6,1.88e-6,4.63e-6
Male,black,2022,0,0,0,3e-8
Male,black,2022,1,6e-8,2e-8,1.5e-7
Male,black,2022,5,4e-8,1e-8,9e-8
Male,black,2022,10,1e-7,4e-8,2e-7
Male,black,2022,15,5.47e-6,4.52e-6,6.58e-6
Male,black,2022,20,2.903e-5,2.525e-5,3.324e-5
Male,black,2022,25,3.455e-5,3.013e-5,3.952e-5
Male,black,2022,30,3.698e-5,3.227e-5,4.235e-5
Male,black,2022,35,3.362e-5,2.92e-5,3.864e-5
Male,black,2022,40,2.516e-5,2.176e-5,2.901e-5
Male,black,2022,45,1.805e-5,1.55e-5,2.097e-5
Male,black,2022,50,1.218e-5,1.032e-5,1.434e-5
Male,black,2022,55,7.43e-6,6.14e-6,8.93e-6
Male,black,2022,60,6.86e-6,5.59e-6,8.34e-6
Male,black,2022,65,4.21e-6,3.23e-6,5.4e-6
Male,black,2022,70,3.28e-6,2.35e-6,4.46e-6
Male,black,2022,75,2.58e-6,1.7e-6,3.79e-6
Male,black,2022,80,3.2e-6,1.98e-6,4.93e-6
Male,black,2023,0,0,0,3e-8
Male,black,2023,1,7e-8,2e-8,1.5e-7
Male,black,2023,5,4e-8,1e-8,1e-7
Male,black,2023,10,1e-7,4e-8,2.1e-7
Male,black,2023,15,5.67e-6,4.69e-6,6.83e-6
Male,black,2023,20,3.01e-5,2.621e-5,3.45e-5
Male,black,2023,25,3.582e-5,3.132e-5,4.102e-5
Male,black,2023,30,3.834e-5,3.352e-5,4.39e-5
Male,black,2023,35,3.482e-5,3.032e-5,3.996e-5
Male,black,2023,40,2.607e-5,2.257e-5,3.005e-5
Male,black,2023,45,1.871e-5,1.608e-5,2.173e-5
Male,black,2023,50,1.264e-5,1.07e-5,1.484e-5
Male,black,2023,55,7.7e-6,6.38e-6,9.25e-6
Male,black,2023,60,7.1e-6,5.8e-6,8.63e-6
Male,black,2023,65,4.37e-6,3.34e-6,5.63e-6
Male,black,2023,70,3.4e-6,2.44e-6,4.63e-6
Male,black,2023,75,2.68e-6,1.76e-6,3.92e-6
Male,black,2023,80,3.32e-6,2.06e-6,5.1e-6
Male,hispanic,2013,0,0,0,3e-8
Male,hispanic,2013,1,5e-8,1e-8,1e-7
Male,hispanic,2013,5,4e-8,1e-8,8e-8
Male,hispanic,2013,10,8e-8,3e-8,1.4e-7
Male,hispanic,2013,15,2e-6,1.59e-6,2.47e-6
Male,hispanic,2013,20,1.044e-5,8.95e-6,1.213e-5
Male,hispanic,2013,25,1.534e-5,1.325e-5,1.77e-5
Male,hispanic,2013,30,1.581e-5,1.368e-5,1.825e-5
Male,hispanic,2013,35,1.766e-5,1.53e-5,2.032e-5
Male,hispanic,2013,40,1.301e-5,1.117e-5,1.508e-5
Male,hispanic,2013,45,1.037e-5,8.85e-6,1.21e-5
Male,hispanic,2013,50,7.19e-6,6.04e-6,8.52e-6
Male,hispanic,2013,55,5.07e-6,4.188999999999978e-6,6.11e-6
Male,hispanic,2013,60,4.32e-6,3.48e-6,5.29e-6
Male,hispanic,2013,65,2.71e-6,2.07e-6,3.49e-6
Male,hispanic,2013,70,2.13e-6,1.58e-6,2.87e-6
Male,hispanic,2013,75,1.77e-6,1.26e-6,2.44e-6
Male,hispanic,2013,80,2.21e-6,1.52e-6,3.11e-6
Male,hispanic,2014,0,0,0,3e-8
Male,hispanic,2014,1,5e-8,1e-8,1e-7
Male,hispanic,2014,5,4e-8,1e-8,8e-8
Male,hispanic,2014,10,7e-8,3e-8,1.4e-7
Male,hispanic,2014,15,1.98e-6,1.57e-6,2.45e-6
Male,hispanic,2014,20,1.033e-5,8.87e-6,1.198e-5
Male,hispanic,2014,25,1.518e-5,1.314e-5,1.745e-5
Male,hispanic,2014,30,1.564e-5,1.355e-5,1.799e-5
Male,hispanic,2014,35,1.748e-5,1.515e-5,2.005e-5
Male,hispanic,2014,40,1.287e-5,1.107e-5,1.488e-5
Male,hispanic,2014,45,1.027e-5,8.77e-6,1.194e-5
Male,hispanic,2014,50,7.11e-6,5.98e-6,8.39e-6
Male,hispanic,2014,55,5.01e-6,4.14e-6,6.04e-6
Male,hispanic,2014,60,4.27e-6,3.44e-6,5.23e-6
Male,hispanic,2014,65,2.68e-6,2.05e-6,3.45e-6
Male,hispanic,2014,70,2.11e-6,1.56e-6,2.83e-6
Male,hispanic,2014,75,1.76e-6,1.24e-6,2.41e-6
Male,hispanic,2014,80,2.18e-6,1.51e-6,3.07e-6
Male,hispanic,2015,0,0,0,3e-8
Male,hispanic,2015,1,5e-8,1e-8,1e-7
Male,hispanic,2015,5,4e-8,1e-8,8e-8
Male,hispanic,2015,10,8e-8,3e-8,1.4e-7
Male,hispanic,2015,15,2.02e-6,1.61e-6,2.5e-6
Male,hispanic,2015,20,1.059e-5,9.08e-6,1.228e-5
Male,hispanic,2015,25,1.556e-5,1.347e-5,1.786e-5
Male,hispanic,2015,30,1.602e-5,1.387e-5,1.842e-5
Male,hispanic,2015,35,1.791e-5,1.551e-5,2.052e-5
Male,hispanic,2015,40,1.319e-5,1.133e-5,1.524e-5
Male,hispanic,2015,45,1.052e-5,8.98e-6,1.223e-5
Male,hispanic,2015,50,7.28e-6,6.13e-6,8.6e-6
Male,hispanic,2015,55,5.14e-6,4.24e-6,6.18e-6
Male,hispanic,2015,60,4.37e-6,3.53e-6,5.36e-6
Male,hispanic,2015,65,2.75e-6,2.1e-6,3.53e-6
Male,hispanic,2015,70,2.16e-6,1.6e-6,2.9e-6
Male,hispanic,2015,75,1.8e-6,1.28e-6,2.47e-6
Male,hispanic,2015,80,2.24e-6,1.55e-6,3.15e-6
Male,hispanic,2016,0,0,0,3e-8
Male,hispanic,2016,1,5e-8,1e-8,1e-7
Male,hispanic,2016,5,4e-8,1e-8,8e-8
Male,hispanic,2016,10,8e-8,3e-8,1.4e-7
Male,hispanic,2016,15,2.01e-6,1.61e-6,2.48e-6
Male,hispanic,2016,20,1.052e-5,9.03e-6,1.219e-5
Male,hispanic,2016,25,1.546e-5,1.338e-5,1.778e-5
Male,hispanic,2016,30,1.593e-5,1.378e-5,1.831e-5
Male,hispanic,2016,35,1.78e-5,1.544e-5,2.04e-5
Male,hispanic,2016,40,1.312e-5,1.127e-5,1.516e-5
Male,hispanic,2016,45,1.045e-5,8.93e-6,1.215e-5
Male,hispanic,2016,50,7.24e-6,6.1e-6,8.55e-6
Male,hispanic,2016,55,5.1e-6,4.22e-6,6.14e-6
Male,hispanic,2016,60,4.34e-6,3.51e-6,5.33e-6
Male,hispanic,2016,65,2.73e-6,2.08e-6,3.51e-6
Male,hispanic,2016,70,2.15e-6,1.59e-6,2.89e-6
Male,hispanic,2016,75,1.79e-6,1.27e-6,2.45e-6
Male,hispanic,2016,80,2.22e-6,1.54e-6,3.13e-6
Male,hispanic,2017,0,0,0,3e-8
Male,hispanic,2017,1,5e-8,2e-8,1.1e-7
Male,hispanic,2017,5,4e-8,1e-8,9e-8
Male,hispanic,2017,10,8e-8,4e-8,1.5e-7
Male,hispanic,2017,15,2.15e-6,1.72e-6,2.65e-6
Male,hispanic,2017,20,1.122e-5,9.65e-6,1.303e-5
Male,hispanic,2017,25,1.649e-5,1.43e-5,1.898e-5
Male,hispanic,2017,30,1.698e-5,1.473e-5,1.957e-5
Male,hispanic,2017,35,1.898e-5,1.648e-5,2.18e-5
Male,hispanic,2017,40,1.398e-5,1.203e-5,1.618e-5
Male,hispanic,2017,45,1.115e-5,9.54e-6,1.299e-5
Male,hispanic,2017,50,7.72e-6,6.5e-6,9.12e-6
Male,hispanic,2017,55,5.45e-6,4.5e-6,6.56e-6
Male,hispanic,2017,60,4.635e-6,3.75e-6,5.67e-6
Male,hispanic,2017,65,2.91e-6,2.22e-6,3.75e-6
Male,hispanic,2017,70,2.3e-6,1.7e-6,3.08e-6
Male,hispanic,2017,75,1.91e-6,1.36e-6,2.62e-6
Male,hispanic,2017,80,2.38e-6,1.64e-6,3.34e-6
Male,hispanic,2018,0,0,0,3e-8
Male,hispanic,2018,1,5e-8,2e-8,1.1e-7
Male,hispanic,2018,5,4e-8,1e-8,9e-8
Male,hispanic,2018,10,8e-8,4e-8,1.5e-7
Male,hispanic,2018,15,2.16e-6,1.73e-6,2.67e-6
Male,hispanic,2018,20,1.13e-5,9.73e-6,1.31e-5
Male,hispanic,2018,25,1.662e-5,1.443e-5,1.908e-5
Male,hispanic,2018,30,1.712e-5,1.486e-5,1.965e-5
Male,hispanic,2018,35,1.91e-5,1.663e-5,2.19e-5
Male,hispanic,2018,40,1.408e-5,1.213e-5,1.624e-5
Male,hispanic,2018,45,1.123e-5,9.62e-6,1.306e-5
Male,hispanic,2018,50,7.78e-6,6.57e-6,9.17e-6
Male,hispanic,2018,55,5.48e-6,4.55e-6,6.6e-6
Male,hispanic,2018,60,4.67e-6,3.78e-6,5.71e-6
Male,hispanic,2018,65,2.93e-6,2.25e-6,3.77e-6
Male,hispanic,2018,70,2.31e-6,1.71e-6,3.1e-6
Male,hispanic,2018,75,1.92e-6,1.37e-6,2.63e-6
Male,hispanic,2018,80,2.39e-6,1.65e-6,3.36e-6
Male,hispanic,2019,0,0,0,3e-8
Male,hispanic,2019,1,5e-8,2e-8,1.1e-7
Male,hispanic,2019,5,4e-8,1e-8,8e-8
Male,hispanic,2019,10,8e-8,3e-8,1.4e-7
Male,hispanic,2019,15,2.09e-6,1.67e-6,2.57e-6
Male,hispanic,2019,20,1.089e-5,9.38e-6,1.264e-5
Male,hispanic,2019,25,1.601e-5,1.39e-5,1.841e-5
Male,hispanic,2019,30,1.649e-5,1.43e-5,1.896e-5
Male,hispanic,2019,35,1.843e-5,1.603e-5,2.113e-5
Male,hispanic,2019,40,1.358e-5,1.171e-5,1.569e-5
Male,hispanic,2019,45,1.083e-5,9.28e-6,1.262e-5
Male,hispanic,2019,50,7.51e-6,6.33e-6,8.85e-6
Male,hispanic,2019,55,5.29e-6,4.38e-6,6.37e-6
Male,hispanic,2019,60,4.5e-6,3.65e-6,5.51e-6
Male,hispanic,2019,65,2.83e-6,2.16e-6,3.64e-6
Male,hispanic,2019,70,2.23e-6,1.65e-6,2.99e-6
Male,hispanic,2019,75,1.85e-6,1.32e-6,2.54e-6
Male,hispanic,2019,80,2.31e-6,1.6e-6,3.24e-6
Male,hispanic,2020,0,0,0,3e-8
Male,hispanic,2020,1,5e-8,2e-8,1.1e-7
Male,hispanic,2020,5,4e-8,1e-8,9e-8
Male,hispanic,2020,10,8e-8,4e-8,1.5e-7
Male,hispanic,2020,15,2.18e-6,1.74e-6,2.68e-6
Male,hispanic,2020,20,1.137e-5,9.78e-6,1.318e-5
Male,hispanic,2020,25,1.67e-5,1.449e-5,1.92e-5
Male,hispanic,2020,30,1.721e-5,1.49e-5,1.981e-5
Male,hispanic,2020,35,1.923e-5,1.671e-5,2.205e-5
Male,hispanic,2020,40,1.418e-5,1.22e-5,1.638e-5
Male,hispanic,2020,45,1.13e-5,9.67e-6,1.315e-5
Male,hispanic,2020,50,7.82e-6,6.59e-6,9.24e-6
Male,hispanic,2020,55,5.52e-6,4.56e-6,6.63e-6
Male,hispanic,2020,60,4.69e-6,3.8e-6,5.74e-6
Male,hispanic,2020,65,2.95e-6,2.26e-6,3.79e-6
Male,hispanic,2020,70,2.32e-6,1.73e-6,3.11e-6
Male,hispanic,2020,75,1.93e-6,1.38e-6,2.65e-6
Male,hispanic,2020,80,2.41e-6,1.66e-6,3.37e-6
Male,hispanic,2021,0,0,0,3e-8
Male,hispanic,2021,1,5e-8,2e-8,1.1e-7
Male,hispanic,2021,5,4e-8,1e-8,9e-8
Male,hispanic,2021,10,8e-8,3e-8,1.4e-7
Male,hispanic,2021,15,2.1e-6,1.68e-6,2.59e-6
Male,hispanic,2021,20,1.096e-5,9.43e-6,1.269e-5
Male,hispanic,2021,25,1.611e-5,1.397e-5,1.849e-5
Male,hispanic,2021,30,1.659e-5,1.438e-5,1.907e-5
Male,hispanic,2021,35,1.854e-5,1.612e-5,2.123e-5
Male,hispanic,2021,40,1.366e-5,1.175e-5,1.575e-5
Male,hispanic,2021,45,1.09e-5,9.33e-6,1.264e-5
Male,hispanic,2021,50,7.54e-6,6.36e-6,8.9e-6
Male,hispanic,2021,55,5.32e-6,4.4e-6,6.4e-6
Male,hispanic,2021,60,4.53e-6,3.66e-6,5.54e-6
Male,hispanic,2021,65,2.84e-6,2.18e-6,3.65e-6
Male,hispanic,2021,70,2.24e-6,1.66e-6,3e-6
Male,hispanic,2021,75,1.86e-6,1.33e-6,2.55e-6
Male,hispanic,2021,80,2.32e-6,1.6e-6,3.26e-6
Male,hispanic,2022,0,0,0,3e-8
Male,hispanic,2022,1,5e-8,2e-8,1.1e-7
Male,hispanic,2022,5,4e-8,1e-8,9e-8
Male,hispanic,2022,10,8e-8,4e-8,1.5e-7
Male,hispanic,2022,15,2.25e-6,1.8e-6,2.77e-6
Male,hispanic,2022,20,1.176e-5,1.012e-5,1.361e-5
Male,hispanic,2022,25,1.727e-5,1.501e-5,1.984e-5
Male,hispanic,2022,30,1.779e-5,1.543e-5,2.048e-5
Male,hispanic,2022,35,1.987e-5,1.729e-5,2.277e-5
Male,hispanic,2022,40,1.464e-5,1.263e-5,1.692e-5
Male,hispanic,2022,45,1.168e-5,1.001e-5,1.359e-5
Male,hispanic,2022,50,8.09e-6,6.83e-6,9.54e-6
Male,hispanic,2022,55,5.7e-6,4.72e-6,6.87e-6
Male,hispanic,2022,60,4.86e-6,3.93e-6,5.94e-6
Male,hispanic,2022,65,3.05e-6,2.34e-6,3.92e-6
Male,hispanic,2022,70,2.4e-6,1.78e-6,3.22e-6
Male,hispanic,2022,75,2e-6,1.42e-6,2.74e-6
Male,hispanic,2022,80,2.48e-6,1.72e-6,3.49e-6
Male,hispanic,2023,0,0,0,3e-8
Male,hispanic,2023,1,6e-8,2e-8,1.2e-7
Male,hispanic,2023,5,4e-8,1e-8,9e-8
Male,hispanic,2023,10,9e-8,4e-8,1.6e-7
Male,hispanic,2023,15,2.34e-6,1.87e-6,2.88e-6
Male,hispanic,2023,20,1.223e-5,1.051e-5,1.418e-5
Male,hispanic,2023,25,1.796e-5,1.557e-5,2.07e-5
Male,hispanic,2023,30,1.852e-5,1.605e-5,2.131e-5
Male,hispanic,2023,35,2.069e-5,1.793e-5,2.376e-5
Male,hispanic,2023,40,1.525e-5,1.312e-5,1.761e-5
Male,hispanic,2023,45,1.215e-5,1.039e-5,1.416e-5
Male,hispanic,2023,50,8.42e-6,7.09e-6,9.95e-6
Male,hispanic,2023,55,5.94e-6,4.92e-6,7.14e-6
Male,hispanic,2023,60,5.05e-6,4.09e-6,6.19e-6
Male,hispanic,2023,65,3.17e-6,2.44e-6,4.07e-6
Male,hispanic,2023,70,2.5e-6,1.86e-6,3.35e-6
Male,hispanic,2023,75,2.08e-6,1.48e-6,2.85e-6
Male,hispanic,2023,80,2.59e-6,1.78e-6,3.64e-6
Male,white,2013,0,0,0,3e-8
Male,white,2013,1,4e-8,1e-8,9e-8
Male,white,2013,5,4e-8,1e-8,9e-8
Male,white,2013,10,7e-8,3e-8,1.2e-7
Male,white,2013,15,8.7e-7,6.7e-7,1.1e-6
Male,white,2013,20,4.18e-6,3.58e-6,4.86e-6
Male,white,2013,25,7.96e-6,6.93e-6,9.11e-6
Male,white,2013,30,1.152e-5,1.008e-5,1.313e-5
Male,white,2013,35,1.22e-5,1.071e-5,1.389e-5
Male,white,2013,40,1.056e-5,9.25e-6,1.207e-5
Male,white,2013,45,8.6e-6,7.5e-6,9.85e-6
Male,white,2013,50,6.92e-6,6.02e-6,7.93e-6
Male,white,2013,55,5.07e-6,4.37e-6,5.84e-6
Male,white,2013,60,4.09e-6,3.51e-6,4.76e-6
Male,white,2013,65,2.59e-6,2.17e-6,3.07e-6
Male,white,2013,70,1.62e-6,1.31e-6,1.98e-6
Male,white,2013,75,1.63e-6,1.29e-6,2.03e-6
Male,white,2013,80,2.11e-6,1.66e-6,2.65e-6
Male,white,2014,0,0,0,3e-8
Male,white,2014,1,4e-8,1e-8,9e-8
Male,white,2014,5,4e-8,1e-8,8e-8
Male,white,2014,10,7e-8,3e-8,1.2e-7
Male,white,2014,15,8.6e-7,6.6e-7,1.08e-6
Male,white,2014,20,4.11e-6,3.52e-6,4.77e-6
Male,white,2014,25,7.81e-6,6.8e-6,8.94e-6
Male,white,2014,30,1.133e-5,9.91e-6,1.287e-5
Male,white,2014,35,1.2e-5,1.052e-5,1.363e-5
Male,white,2014,40,1.038e-5,9.08e-6,1.182e-5
Male,white,2014,45,8.46e-6,7.38e-6,9.66e-6
Male,white,2014,50,6.8e-6,5.91e-6,7.78e-6
Male,white,2014,55,4.98e-6,4.29e-6,5.73e-6
Male,white,2014,60,4.02e-6,3.44e-6,4.66e-6
Male,white,2014,65,2.55e-6,2.13e-6,3.01e-6
Male,white,2014,70,1.59e-6,1.28e-6,1.94e-6
Male,white,2014,75,1.6e-6,1.27e-6,1.99e-6
Male,white,2014,80,2.07e-6,1.63e-6,2.6e-6
Male,white,2015,0,0,0,3e-8
Male,white,2015,1,4e-8,1e-8,9e-8
Male,white,2015,5,4e-8,1e-8,9e-8
Male,white,2015,10,7e-8,3e-8,1.3e-7
Male,white,2015,15,8.9e-7,6.9e-7,1.13e-6
Male,white,2015,20,4.29e-6,3.68e-6,4.98e-6
Male,white,2015,25,8.16e-6,7.11e-6,9.31e-6
Male,white,2015,30,1.181e-5,1.034e-5,1.343e-5
Male,white,2015,35,1.252e-5,1.098e-5,1.423e-5
Male,white,2015,40,1.083e-5,9.47e-6,1.233e-5
Male,white,2015,45,8.83e-6,7.7e-6,1.008e-5
Male,white,2015,50,7.09e-6,6.17e-6,8.12e-6
Male,white,2015,55,5.19e-6,4.48e-6,5.98e-6
Male,white,2015,60,4.2e-6,3.61e-6,4.87e-6
Male,white,2015,65,2.66e-6,2.23e-6,3.14e-6
Male,white,2015,70,1.66e-6,1.34e-6,2.03e-6
Male,white,2015,75,1.67e-6,1.33e-6,2.08e-6
Male,white,2015,80,2.17e-6,1.71e-6,2.71e-6
Male,white,2016,0,0,0,3e-8
Male,white,2016,1,4e-8,1e-8,9e-8
Male,white,2016,5,4e-8,1e-8,9e-8
Male,white,2016,10,7e-8,3e-8,1.3e-7
Male,white,2016,15,8.8e-7,6.8e-7,1.11e-6
Male,white,2016,20,4.2e-6,3.6e-6,4.87e-6
Male,white,2016,25,7.99e-6,6.96e-6,9.14e-6
Male,white,2016,30,1.157e-5,1.014e-5,1.315e-5
Male,white,2016,35,1.226e-5,1.074e-5,1.391e-5
Male,white,2016,40,1.061e-5,9.28e-6,1.207e-5
Male,white,2016,45,8.65e-6,7.54e-6,9.86e-6
Male,white,2016,50,6.96e-6,6.04e-6,7.96e-6
Male,white,2016,55,5.09e-6,4.39e-6,5.85e-6
Male,white,2016,60,4.11e-6,3.53e-6,4.77e-6
Male,white,2016,65,2.6e-6,2.18e-6,3.07e-6
Male,white,2016,70,1.63e-6,1.31e-6,1.98e-6
Male,white,2016,75,1.64e-6,1.3e-6,2.04e-6
Male,white,2016,80,2.12e-6,1.67e-6,2.66e-6
Male,white,2017,0,0,0,3e-8
Male,white,2017,1,4e-8,1e-8,9e-8
Male,white,2017,5,4e-8,1e-8,9e-8
Male,white,2017,10,7e-8,3e-8,1.3e-7
Male,white,2017,15,8.8e-7,6.8e-7,1.12e-6
Male,white,2017,20,4.24e-6,3.64e-6,4.93e-6
Male,white,2017,25,8.07e-6,7.03e-6,9.23e-6
Male,white,2017,30,1.168e-5,1.026e-5,1.328e-5
Male,white,2017,35,1.238e-5,1.086e-5,1.407e-5
Male,white,2017,40,1.071e-5,9.38e-6,1.22e-5
Male,white,2017,45,8.73e-6,7.62e-6,9.98e-6
Male,white,2017,50,7.02e-6,6.11e-6,8.04e-6
Male,white,2017,55,5.14e-6,4.44e-6,5.92e-6
Male,white,2017,60,4.15e-6,3.56e-6,4.83e-6
Male,white,2017,65,2.63e-6,2.21e-6,3.11e-6
Male,white,2017,70,1.64e-6,1.33e-6,2.01e-6
Male,white,2017,75,1.66e-6,1.31e-6,2.06e-6
Male,white,2017,80,2.14e-6,1.69e-6,2.68e-6
Male,white,2018,0,0,0,3e-8
Male,white,2018,1,5e-8,1e-8,1e-7
Male,white,2018,5,4e-8,1e-8,9e-8
Male,white,2018,10,7e-8,3e-8,1.3e-7
Male,white,2018,15,9.4e-7,7.3e-7,1.19e-6
Male,white,2018,20,4.52e-6,3.88e-6,5.24e-6
Male,white,2018,25,8.6e-6,7.5e-6,9.83e-6
Male,white,2018,30,1.245e-5,1.093e-5,1.416e-5
Male,white,2018,35,1.319e-5,1.159e-5,1.496e-5
Male,white,2018,40,1.142e-5,1.001e-5,1.3e-5
Male,white,2018,45,9.3e-6,8.11e-6,1.062e-5
Male,white,2018,50,7.48e-6,6.51e-6,8.55e-6
Male,white,2018,55,5.47e-6,4.73e-6,6.29e-6
Male,white,2018,60,4.42e-6,3.81e-6,5.13e-6
Male,white,2018,65,2.8e-6,2.36e-6,3.31e-6
Male,white,2018,70,1.75e-6,1.42e-6,2.13e-6
Male,white,2018,75,1.77e-6,1.4e-6,2.19e-6
Male,white,2018,80,2.28e-6,1.8e-6,2.85e-6
Male,white,2019,0,0,0,3e-8
Male,white,2019,1,4e-8,1e-8,9e-8
Male,white,2019,5,4e-8,1e-8,9e-8
Male,white,2019,10,7e-8,3e-8,1.3e-7
Male,white,2019,15,8.8e-7,6.8e-7,1.11e-6
Male,white,2019,20,4.23e-6,3.61e-6,4.9099999999999996e-06
Male,white,2019,25,8.04e-6,7e-6,9.19e-6
Male,white,2019,30,1.164e-5,1.02e-5,1.323e-5
Male,white,2019,35,1.235e-5,1.082e-5,1.402e-5
Male,white,2019,40,1.068e-5,9.34e-6,1.215e-5
Male,white,2019,45,8.7e-6,7.59e-6,9.94e-6
Male,white,2019,50,6.99e-6,6.08e-6,8e-6
Male,white,2019,55,5.12e-6,4.42e-6,5.9e-6
Male,white,2019,60,4.14e-6,3.55e-6,4.8e-6
Male,white,2019,65,2.62e-6,2.2e-6,3.1e-6
Male,white,2019,70,1.64e-6,1.32e-6,2e-6
Male,white,2019,75,1.65e-6,1.31e-6,2.05e-6
Male,white,2019,80,2.14e-6,1.68e-6,2.67e-6
Male,white,2020,0,0,0,3e-8
Male,white,2020,1,4e-8,1e-8,1e-7
Male,white,2020,5,4e-8,1e-8,9e-8
Male,white,2020,10,7e-8,3e-8,1.3e-7
Male,white,2020,15,9.1e-7,7e-7,1.15e-6
Male,white,2020,20,4.36e-6,3.74e-6,5.06e-6
Male,white,2020,25,8.3e-6,7.22e-6,9.47e-6
Male,white,2020,30,1.202e-5,1.053e-5,1.364e-5
Male,white,2020,35,1.274e-5,1.116e-5,1.445e-5
Male,white,2020,40,1.102e-5,9.63e-6,1.253e-5
Male,white,2020,45,8.98e-6,7.82e-6,1.025e-5
Male,white,2020,50,7.22e-6,6.26e-6,8.25e-6
Male,white,2020,55,5.28e-6,4.56e-6,6.08e-6
Male,white,2020,60,4.27e-6,3.67e-6,4.95e-6
Male,white,2020,65,2.71e-6,2.27e-6,3.19e-6
Male,white,2020,70,1.69e-6,1.37e-6,2.06e-6
Male,white,2020,75,1.7e-6,1.35e-6,2.11e-6
Male,white,2020,80,2.2e-6,1.7389999999999782e-6,2.76e-6
Male,white,2021,0,0,0,3e-8
Male,white,2021,1,5e-8,1e-8,1e-7
Male,white,2021,5,4e-8,1e-8,9e-8
Male,white,2021,10,7e-8,3e-8,1.3e-7
Male,white,2021,15,9.3e-7,7.2e-7,1.18e-6
Male,white,2021,20,4.48e-6,3.84e-6,5.19e-6
Male,white,2021,25,8.53e-6,7.44e-6,9.72e-6
Male,white,2021,30,1.235e-5,1.083e-5,1.401e-5
Male,white,2021,35,1.308e-5,1.147e-5,1.483e-5
Male,white,2021,40,1.132e-5,9.91e-6,1.288e-5
Male,white,2021,45,9.22e-6,8.04e-6,1.052e-5
Male,white,2021,50,7.42e-6,6.45e-6,8.48e-6
Male,white,2021,55,5.43e-6,4.69e-6,6.24e-6
Male,white,2021,60,4.39e-6,3.77e-6,5.08e-6
Male,white,2021,65,2.78e-6,2.34e-6,3.28e-6
Male,white,2021,70,1.74e-6,1.4e-6,2.11e-6
Male,white,2021,75,1.75e-6,1.39e-6,2.17e-6
Male,white,2021,80,2.26e-6,1.78e-6,2.83e-6
Male,white,2022,0,0,0,3e-8
Male,white,2022,1,5e-8,1e-8,1e-7
Male,white,2022,5,5e-8,1e-8,1e-7
Male,white,2022,10,8e-8,3e-8,1.4e-7
Male,white,2022,15,9.8e-7,7.6e-7,1.23e-6
Male,white,2022,20,4.68e-6,4.01e-6,5.43e-6
Male,white,2022,25,8.92e-6,7.76e-6,1.018e-5
Male,white,2022,30,1.29e-5,1.132e-5,1.464e-5
Male,white,2022,35,1.368e-5,1.2e-5,1.551e-5
Male,white,2022,40,1.183e-5,1.036e-5,1.345e-5
Male,white,2022,45,9.65e-6,8.43e-6,1.1e-5
Male,white,2022,50,7.75e-6,6.74e-6,8.86e-6
Male,white,2022,55,5.67e-6,4.9e-6,6.53e-6
Male,white,2022,60,4.59e-6,3.94e-6,5.31e-6
Male,white,2022,65,2.91e-6,2.44e-6,3.42e-6
Male,white,2022,70,1.81e-6,1.47e-6,2.21e-6
Male,white,2022,75,1.83e-6,1.45e-6,2.27e-6
Male,white,2022,80,2.37e-6,1.87e-6,2.96e-6
Male,white,2023,0,0,0,3e-8
Male,white,2023,1,5e-8,2e-8,1.1e-7
Male,white,2023,5,5e-8,2e-8,1e-7
Male,white,2023,10,8e-8,4e-8,1.5e-7
Male,white,2023,15,1.06e-6,8.3e-7,1.33e-6
Male,white,2023,20,5.09e-6,4.37e-6,5.91e-6
Male,white,2023,25,9.69e-6,8.44e-6,1.107e-5
Male,white,2023,30,1.402e-5,1.231e-5,1.593e-5
Male,white,2023,35,1.487e-5,1.306e-5,1.688e-5
Male,white,2023,40,1.287e-5,1.127e-5,1.466e-5
Male,white,2023,45,1.049e-5,9.15e-6,1.197e-5
Male,white,2023,50,8.43e-6,7.33e-6,9.66e-6
Male,white,2023,55,6.17e-6,5.33e-6,7.1e-6
Male,white,2023,60,4.99e-6,4.29e-6,5.78e-6
Male,white,2023,65,3.16e-6,2.66e-6,3.73e-6
Male,white,2023,70,1.98e-6,1.6e-6,2.4e-6
Male,white,2023,75,1.99e-6,1.58e-6,2.47e-6
Male,white,2023,80,2.57e-6,2.03e-6,3.22e-6
